record_id,date,year_month,day_name,machine_id,machine_model,city,payment_method,total_liters_sold,total_gross_sales_mxn,cash_received_mxn,change_given_mxn,estimated_tickets,avg_ticket_mxn,tank_capacity_per_product_l,reorder_point_l,stockout_flag,stockout_minutes_total,service_status,temperature_cdmx_c,is_weekend,notes,data_quality_issue_flag,intentional_issue_type,suggested_outlier_treatment,liters_des,revenue_des_mxn,closing_inventory_des_l,liters_det_ropa,revenue_det_ropa_mxn,closing_inventory_det_ropa_l,liters_det_blanca,revenue_det_blanca_mxn,closing_inventory_det_blanca_l,liters_multi,revenue_multi_mxn,closing_inventory_multi_l,liters_suav,revenue_suav_mxn,closing_inventory_suav_l,liters_lavat,revenue_lavat_mxn,closing_inventory_lavat_l,liters_det_oscura,revenue_det_oscura_mxn,closing_inventory_det_oscura_l,cash_net_mxn,cash_difference_mxn,expected_revenue_des_mxn,expected_revenue_det_ropa_mxn,expected_revenue_det_blanca_mxn,expected_revenue_multi_mxn,expected_revenue_suav_mxn,expected_revenue_lavat_mxn,expected_revenue_det_oscura_mxn,expected_total_gross_sales_mxn,sales_calculation_difference_mxn,analysis_month,total_liters_sold_iqr_outlier,total_gross_sales_mxn_iqr_outlier,cash_received_mxn_iqr_outlier,change_given_mxn_iqr_outlier,estimated_tickets_iqr_outlier,avg_ticket_mxn_iqr_outlier,stockout_minutes_total_iqr_outlier,temperature_cdmx_c_iqr_outlier,total_iqr_outlier_flags,drop_reason,drop_flag,outlier_treatment_decision,total_gross_sales_mxn_treated,total_liters_sold_treated
R000001,2025-01-01,2025-01,Wednesday,CDMX-VM-001,GenkiClean Vending 7x100L,CDMX,Efectivo,29,650,650,0,20,32.5,100,20,False,0,Operational,18.5,False,,False,,No issue,3,90,71,6,120,78,3,75,81,6,90,94,4,100,90,4.0,100,71,3,75,89,650,0,90,120,75,90,100,100.0,75,650.0,0.0,2025-01,False,False,False,False,False,False,False,False,0,,False,Normal,650,29
R000002,2025-01-02,2025-01,Thursday,CDMX-VM-001,GenkiClean Vending 7x100L,CDMX,Efectivo,28,630,630,0,20,31.5,100,20,False,0,Operational,28.9,False,,False,,No issue,3,90,68,5,100,73,3,75,78,6,90,88,4,100,86,4.0,100,67,3,75,86,630,0,90,100,75,90,100,100.0,75,630.0,0.0,2025-01,False,False,False,False,False,False,False,False,0,,False,Normal,630,28
R000003,2025-01-03,2025-01,Friday,CDMX-VM-001,GenkiClean Vending 7x100L,CDMX,Efectivo,30,685,690,5,12,57.08,100,20,False,0,Operational,26.0,False,,False,,No issue,3,90,65,6,120,67,4,100,74,5,75,83,4,100,82,5.0,125,62,3,75,83,685,0,90,120,100,75,100,125.0,75,685.0,0.0,2025-01,False,False,False,False,False,False,False,False,0,,False,Normal,685,30
R000004,2025-01-04,2025-01,Saturday,CDMX-VM-001,GenkiClean Vending 7x100L,CDMX,Efectivo,41,905,905,0,32,28.28,100,20,False,0,Operational,24.9,True,,False,,No issue,4,120,61,8,160,59,3,75,71,10,150,73,6,150,76,6.0,150,56,4,100,79,905,0,120,160,75,150,150,150.0,100,905.0,0.0,2025-01,False,False,False,False,False,False,False,False,0,,False,Normal,905,41
R000005,2025-01-05,2025-01,Sunday,CDMX-VM-001,GenkiClean Vending 7x100L,CDMX,Efectivo,30,660,660,0,13,50.77,100,20,False,0,Operational,25.2,True,,False,,No issue,2,60,59,6,120,53,3,75,68,7,105,66,4,100,72,5.0,125,51,3,75,76,660,0,60,120,75,105,100,125.0,75,660.0,0.0,2025-01,False,False,False,False,False,False,False,False,0,,False,Normal,660,30
R000006,2025-01-06,2025-01,Monday,CDMX-VM-001,GenkiClean Vending 7x100L,CDMX,Efectivo,27,585,585,0,11,53.18,100,20,False,0,Operational,14.5,False,,False,,No issue,2,60,57,6,120,47,3,75,65,7,105,59,3,75,69,4.0,100,47,2,50,74,585,0,60,120,75,105,75,100.0,50,585.0,0.0,2025-01,False,False,False,False,False,False,False,False,0,,False,Normal,585,27
R000007,2025-01-07,2025-01,Tuesday,CDMX-VM-001,GenkiClean Vending 7x100L,CDMX,Efectivo,25,545,545,0,18,30.28,100,20,False,0,Operational,27.2,False,,False,,No issue,2,60,55,4,80,43,3,75,62,7,105,52,4,100,65,3.0,75,44,2,50,72,545,0,60,80,75,105,100,75.0,50,545.0,0.0,2025-01,False,False,False,False,False,False,False,False,0,,False,Normal,545,25
R000008,2025-01-08,2025-01,Wednesday,CDMX-VM-001,GenkiClean Vending 7x100L,CDMX,Efectivo,26,575,625,50,11,52.27,100,20,False,0,Operational,22.1,False,,False,,No issue,3,90,52,4,80,39,3,75,59,7,105,45,4,100,61,3.0,75,41,2,50,70,575,0,90,80,75,105,100,75.0,50,575.0,0.0,2025-01,False,False,False,False,False,False,False,False,0,,False,Normal,575,26
R000009,2025-01-09,2025-01,Thursday,CDMX-VM-001,GenkiClean Vending 7x100L,CDMX,Efectivo,28,620,670,50,13,47.69,100,20,False,0,Operational,18.2,False,,False,,No issue,2,60,50,4,80,35,3,75,56,7,105,38,4,100,57,5.0,125,36,3,75,67,620,0,60,80,75,105,100,125.0,75,620.0,0.0,2025-01,False,False,False,False,False,False,False,False,0,,False,Normal,620,28
R000010,2025-01-10,2025-01,Friday,CDMX-VM-001,GenkiClean Vending 7x100L,CDMX,Efectivo,39,845,850,5,30,28.17,100,20,False,0,Operational,23.5,False,,False,,No issue,3,90,47,9,180,26,3,75,53,10,150,28,5,125,52,6.0,150,30,3,75,64,845,0,90,180,75,150,125,150.0,75,845.0,0.0,2025-01,False,False,False,False,False,False,False,False,0,,False,Normal,845,39
R000011,2025-01-11,2025-01,Saturday,CDMX-VM-001,GenkiClean Vending 7x100L,CDMX,Efectivo,31,690,695,5,13,53.08,100,20,False,0,Operational,11.9,True,,False,,No issue,3,90,44,6,120,94,3,75,50,7,105,21,5,125,47,5.0,125,25,2,50,62,690,0,90,120,75,105,125,125.0,50,690.0,0.0,2025-01,False,False,False,False,False,False,False,False,0,,False,Normal,690,31
R000012,2025-01-12,2025-01,Sunday,CDMX-VM-001,GenkiClean Vending 7x100L,CDMX,Efectivo,30,680,680,0,13,52.31,100,20,False,0,Operational,24.3,True,,False,,No issue,3,90,41,5,100,89,4,100,46,6,90,94,4,100,43,6.0,150,19,2,50,60,680,0,90,100,100,90,100,150.0,50,680.0,0.0,2025-01,False,False,False,False,False,False,False,False,0,,False,Normal,680,30
R000013,2025-01-13,2025-01,Monday,CDMX-VM-001,GenkiClean Vending 7x100L,CDMX,Efectivo,36,785,785,0,18,43.61,100,20,False,0,Operational,25.5,False,,False,,No issue,3,90,38,8,160,81,3,75,43,9,135,85,5,125,38,4.0,100,96,4,100,56,785,0,90,160,75,135,125,100.0,100,785.0,0.0,2025-01,False,False,False,False,False,False,False,False,0,,False,Normal,785,36
R000014,2025-01-14,2025-01,Tuesday,CDMX-VM-001,GenkiClean Vending 7x100L,CDMX,Efectivo,30,665,665,0,22,30.23,100,20,False,0,Operational,28.2,False,,False,,No issue,3,90,35,6,120,75,4,100,39,7,105,78,3,75,35,4.0,100,92,3,75,53,665,0,90,120,100,105,75,100.0,75,665.0,0.0,2025-01,False,False,False,False,False,False,False,False,0,,False,Normal,665,30
R000015,2025-01-15,2025-01,Wednesday,CDMX-VM-001,GenkiClean Vending 7x100L,CDMX,Efectivo,26,565,565,0,13,43.46,100,20,False,0,Operational,16.6,False,,False,,No issue,2,60,33,5,100,70,3,75,36,7,105,71,4,100,31,3.0,75,89,2,50,51,565,0,60,100,75,105,100,75.0,50,565.0,0.0,2025-01,False,False,False,False,False,False,False,False,0,,False,Normal,565,26
R000016,2025-01-16,2025-01,Thursday,CDMX-VM-001,GenkiClean Vending 7x100L,CDMX,Efectivo,33,715,720,5,26,27.5,100,20,False,0,Operational,14.4,False,,False,,No issue,3,90,30,7,140,63,3,75,33,9,135,62,3,75,28,5.0,125,84,3,75,48,715,0,90,140,75,135,75,125.0,75,715.0,0.0,2025-01,False,False,False,False,False,False,False,False,0,,False,Normal,715,33
R000017,2025-01-17,2025-01,Friday,CDMX-VM-001,GenkiClean Vending 7x100L,CDMX,Efectivo,33,740,740,0,15,49.33,100,20,False,0,Operational,14.7,False,,False,,No issue,3,90,27,6,120,57,4,100,29,7,105,55,5,125,23,5.0,125,79,3,75,45,740,0,90,120,100,105,125,125.0,75,740.0,0.0,2025-01,False,False,False,False,False,False,False,False,0,,False,Normal,740,33
R000018,2025-01-18,2025-01,Saturday,CDMX-VM-001,GenkiClean Vending 7x100L,CDMX,Efectivo,39,855,875,20,20,42.75,100,20,False,0,Operational,27.5,True,,False,,No issue,3,90,97,9,180,48,4,100,25,9,135,46,4,100,19,7.0,175,72,3,75,42,855,0,90,180,100,135,100,175.0,75,855.0,0.0,2025-01,False,False,False,False,False,False,False,False,0,,False,Normal,855,39
R000019,2025-01-19,2025-01,Sunday,CDMX-VM-001,GenkiClean Vending 7x100L,CDMX,Efectivo,37,830,840,10,28,29.64,100,20,False,0,Operational,26.6,True,,False,,No issue,4,120,93,7,140,41,4,100,96,8,120,38,5,125,95,6.0,150,66,3,75,39,830,0,120,140,100,120,125,150.0,75,830.0,0.0,2025-01,False,False,False,False,False,False,False,False,0,,False,Normal,830,37
R000020,2025-01-20,2025-01,Monday,CDMX-VM-001,GenkiClean Vending 7x100L,CDMX,Efectivo,29,645,650,5,12,53.75,100,20,False,0,Operational,19.8,False,,False,,No issue,3,90,90,7,140,34,4,100,92,6,90,32,3,75,92,4.0,100,62,2,50,37,645,0,90,140,100,90,75,100.0,50,645.0,0.0,2025-01,False,False,False,False,False,False,False,False,0,,False,Normal,645,29
R000021,2025-01-21,2025-01,Tuesday,CDMX-VM-001,GenkiClean Vending 7x100L,CDMX,Efectivo,25,545,545,0,12,45.42,100,20,False,0,Operational,15.0,False,,False,,No issue,2,60,88,4,80,30,3,75,89,7,105,25,3,75,89,4.0,100,58,2,50,35,545,0,60,80,75,105,75,100.0,50,545.0,0.0,2025-01,False,False,False,False,False,False,False,False,0,,False,Normal,545,25
R000022,2025-01-22,2025-01,Wednesday,CDMX-VM-001,GenkiClean Vending 7x100L,CDMX,Efectivo,26,575,625,50,11,52.27,100,20,False,0,Operational,24.5,False,,False,,No issue,2,60,86,5,100,25,3,75,86,6,90,94,3,75,86,4.0,100,54,3,75,32,575,0,60,100,75,90,75,100.0,75,575.0,0.0,2025-01,False,False,False,False,False,False,False,False,0,,False,Normal,575,26
R000023,2025-01-23,2025-01,Thursday,CDMX-VM-001,GenkiClean Vending 7x100L,CDMX,Efectivo,32,715,735,20,22,32.5,100,20,False,0,Operational,16.9,False,,False,,No issue,3,90,83,6,120,94,4,100,82,7,105,87,3,75,83,6.0,150,48,3,75,29,715,0,90,120,100,105,75,150.0,75,715.0,0.0,2025-01,False,False,False,False,False,False,False,False,0,,False,Normal,715,32
R000024,2025-01-24,2025-01,Friday,CDMX-VM-001,GenkiClean Vending 7x100L,CDMX,Efectivo,28,615,620,5,12,51.25,100,20,False,0,Operational,18.9,False,,False,,No issue,3,90,80,6,120,88,3,75,79,7,105,80,3,75,80,4.0,100,44,2,50,27,615,0,90,120,75,105,75,100.0,50,615.0,0.0,2025-01,False,False,False,False,False,False,False,False,0,,False,Normal,615,28
R000025,2025-01-25,2025-01,Saturday,CDMX-VM-001,GenkiClean Vending 7x100L,CDMX,Efectivo,40,875,880,5,27,32.41,100,20,False,0,Operational,16.6,True,,False,,No issue,4,120,76,7,140,81,4,100,75,11,165,69,4,100,76,7.0,175,37,3,75,24,875,0,120,140,100,165,100,175.0,75,875.0,0.0,2025-01,False,False,False,False,False,False,False,False,0,,False,Normal,875,40
R000026,2025-01-26,2025-01,Sunday,CDMX-VM-001,GenkiClean Vending 7x100L,CDMX,Efectivo,36,790,790,0,15,52.67,100,20,False,0,Operational,23.6,True,,False,,No issue,3,90,73,7,140,74,4,100,71,9,135,60,4,100,72,6.0,150,31,3,75,97,790,0,90,140,100,135,100,150.0,75,790.0,0.0,2025-01,False,False,False,False,False,False,False,False,0,,False,Normal,790,36
R000027,2025-01-27,2025-01,Monday,CDMX-VM-001,GenkiClean Vending 7x100L,CDMX,Efectivo,33,735,735,0,15,49.0,100,20,False,0,Operational,24.1,False,,False,,No issue,3,90,70,7,140,67,3,75,68,7,105,53,5,125,67,5.0,125,26,3,75,94,735,0,90,140,75,105,125,125.0,75,735.0,0.0,2025-01,False,False,False,False,False,False,False,False,0,,False,Normal,735,33
R000028,2025-01-28,2025-01,Tuesday,CDMX-VM-001,GenkiClean Vending 7x100L,CDMX,Efectivo,26,570,620,50,13,43.85,100,20,False,0,Operational,17.0,False,,False,,No issue,2,60,68,4,80,63,3,75,65,7,105,46,4,100,63,4.0,100,22,2,50,92,570,0,60,80,75,105,100,100.0,50,570.0,0.0,2025-01,False,False,False,False,False,False,False,False,0,,False,Normal,570,26
R000029,2025-01-29,2025-01,Wednesday,CDMX-VM-001,GenkiClean Vending 7x100L,CDMX,Efectivo,32,720,740,20,19,37.89,100,20,False,0,Operational,14.8,False,,False,,No issue,4,120,64,6,120,57,3,75,62,7,105,39,4,100,59,5.0,125,95,3,75,89,720,0,120,120,75,105,100,125.0,75,720.0,0.0,2025-01,False,False,False,False,False,False,False,False,0,,False,Normal,720,32
R000030,2025-01-30,2025-01,Thursday,CDMX-VM-001,GenkiClean Vending 7x100L,CDMX,Efectivo,32,715,715,0,18,39.72,100,20,False,0,Operational,21.3,False,,False,,No issue,3,90,61,6,120,51,4,100,58,7,105,32,5,125,54,4.0,100,91,3,75,86,715,0,90,120,100,105,125,100.0,75,715.0,0.0,2025-01,False,False,False,False,False,False,False,False,0,,False,Normal,715,32
R000031,2025-01-31,2025-01,Friday,CDMX-VM-001,GenkiClean Vending 7x100L,CDMX,Efectivo,37,830,830,0,20,41.5,100,20,False,0,Operational,14.8,False,,False,,No issue,3,90,58,8,160,43,4,100,54,7,105,25,6,150,48,6.0,150,85,3,75,83,830,0,90,160,100,105,150,150.0,75,830.0,0.0,2025-01,False,False,False,False,False,False,False,False,0,,False,Normal,830,37
R000032,2025-02-01,2025-02,Saturday,CDMX-VM-001,GenkiClean Vending 7x100L,CDMX,Efectivo,36,795,800,5,29,27.41,100,20,False,0,Operational,22.4,True,,False,,No issue,4,120,54,7,140,36,4,100,50,9,135,91,4,100,44,5.0,125,80,3,75,80,795,0,120,140,100,135,100,125.0,75,795.0,0.0,2025-02,False,False,False,False,False,False,False,False,0,,False,Normal,795,36
R000033,2025-02-02,2025-02,Sunday,CDMX-VM-001,GenkiClean Vending 7x100L,CDMX,Efectivo,40,870,920,50,33,26.36,100,20,False,0,Operational,28.2,True,,False,,No issue,3,90,51,7,140,29,5,125,45,11,165,80,4,100,40,7.0,175,73,3,75,77,870,0,90,140,125,165,100,175.0,75,870.0,0.0,2025-02,False,False,False,False,False,False,False,False,0,,False,Normal,870,40
R000034,2025-02-03,2025-02,Monday,CDMX-VM-001,GenkiClean Vending 7x100L,CDMX,Efectivo,33,730,735,5,16,45.62,100,20,False,0,Operational,12.2,False,,False,,No issue,3,90,48,6,120,23,4,100,41,8,120,72,4,100,36,5.0,125,68,3,75,74,730,0,90,120,100,120,100,125.0,75,730.0,0.0,2025-02,False,False,False,False,False,False,False,False,0,,False,Normal,730,33
R000035,2025-02-04,2025-02,Tuesday,CDMX-VM-001,GenkiClean Vending 7x100L,CDMX,Efectivo,29,645,695,50,15,43.0,100,20,False,0,Operational,30.5,False,,False,,No issue,3,90,45,5,100,95,3,75,38,7,105,65,3,75,33,6.0,150,62,2,50,72,645,0,90,100,75,105,75,150.0,50,645.0,0.0,2025-02,False,False,False,False,False,False,False,False,0,,False,Normal,645,29
R000036,2025-02-05,2025-02,Wednesday,CDMX-VM-001,GenkiClean Vending 7x100L,CDMX,Efectivo,35,765,785,20,18,42.5,100,20,False,0,Operational,26.5,False,,False,,No issue,3,90,42,7,140,88,4,100,34,9,135,56,5,125,28,4.0,100,58,3,75,69,765,0,90,140,100,135,125,100.0,75,765.0,0.0,2025-02,False,False,False,False,False,False,False,False,0,,False,Normal,765,35
R000037,2025-02-06,2025-02,Thursday,CDMX-VM-001,GenkiClean Vending 7x100L,CDMX,Efectivo,33,740,790,50,17,43.53,100,20,False,0,Operational,28.0,False,,False,,No issue,3,90,39,6,120,82,3,75,31,7,105,49,5,125,23,6.0,150,52,3,75,66,740,0,90,120,75,105,125,150.0,75,740.0,0.0,2025-02,False,False,False,False,False,False,False,False,0,,False,Normal,740,33
R000038,2025-02-07,2025-02,Friday,CDMX-VM-001,GenkiClean Vending 7x100L,CDMX,Efectivo,36,780,800,20,17,45.88,100,20,False,0,Operational,27.5,False,,False,,No issue,3,90,36,7,140,75,4,100,27,10,150,39,4,100,96,6.0,150,46,2,50,64,780,0,90,140,100,150,100,150.0,50,780.0,0.0,2025-02,False,False,False,False,False,False,False,False,0,,False,Normal,780,36
R000039,2025-02-08,2025-02,Saturday,CDMX-VM-001,GenkiClean Vending 7x100L,CDMX,Efectivo,32,725,725,0,15,48.33,100,20,False,0,Operational,16.3,True,,False,,No issue,4,120,32,7,140,68,3,75,97,6,90,33,5,125,91,4.0,100,42,3,75,61,725,0,120,140,75,90,125,100.0,75,725.0,0.0,2025-02,False,False,False,False,False,False,False,False,0,,False,Normal,725,32
R000040,2025-02-09,2025-02,Sunday,CDMX-VM-001,GenkiClean Vending 7x100L,CDMX,Efectivo,33,730,740,10,15,48.67,100,20,False,0,Operational,28.3,True,,False,,No issue,4,120,28,5,100,63,4,100,93,9,135,24,3,75,88,6.0,150,36,2,50,59,730,0,120,100,100,135,75,150.0,50,730.0,0.0,2025-02,False,False,False,False,False,False,False,False,0,,False,Normal,730,33
R000041,2025-02-10,2025-02,Monday,CDMX-VM-001,GenkiClean Vending 7x100L,CDMX,Efectivo,25,540,540,0,11,49.09,100,20,False,0,Operational,22.9,False,,False,,No issue,2,60,26,5,100,58,3,75,90,7,105,17,3,75,85,3.0,75,33,2,50,57,540,0,60,100,75,105,75,75.0,50,540.0,0.0,2025-02,False,False,False,False,False,False,False,False,0,,False,Normal,540,25
R000042,2025-02-11,2025-02,Tuesday,CDMX-VM-001,GenkiClean Vending 7x100L,CDMX,Efectivo,34,750,770,20,24,31.25,100,20,False,0,Operational,17.1,False,,False,,No issue,3,90,23,7,140,51,4,100,86,8,120,92,4,100,81,5.0,125,28,3,75,54,750,0,90,140,100,120,100,125.0,75,750.0,0.0,2025-02,False,False,False,False,False,False,False,False,0,,False,Normal,750,34
R000043,2025-02-12,2025-02,Wednesday,CDMX-VM-001,GenkiClean Vending 7x100L,CDMX,Efectivo,32,705,705,0,13,54.23,100,20,False,0,Operational,25.2,False,,False,,No issue,4,120,96,5,100,46,3,75,83,9,135,83,3,75,78,5.0,125,95,3,75,51,705,0,120,100,75,135,75,125.0,75,705.0,0.0,2025-02,False,False,False,False,False,False,False,False,0,,False,Normal,705,32
R000044,2025-02-13,2025-02,Thursday,CDMX-VM-001,GenkiClean Vending 7x100L,CDMX,Efectivo,36,775,785,10,17,45.59,100,20,False,0,Operational,16.9,False,,False,,No issue,3,90,93,8,160,38,4,100,79,10,150,73,3,75,75,5.0,125,90,3,75,48,775,0,90,160,100,150,75,125.0,75,775.0,0.0,2025-02,False,False,False,False,False,False,False,False,0,,False,Normal,775,36
R000045,2025-02-14,2025-02,Friday,CDMX-VM-001,GenkiClean Vending 7x100L,CDMX,Efectivo,37,805,805,0,16,50.31,100,20,False,0,Operational,23.5,False,,False,,No issue,3,90,90,7,140,31,4,100,75,10,150,63,4,100,71,6.0,150,84,3,75,45,805,0,90,140,100,150,100,150.0,75,805.0,0.0,2025-02,False,False,False,False,False,False,False,False,0,,False,Normal,805,37
R000046,2025-02-15,2025-02,Saturday,CDMX-VM-001,GenkiClean Vending 7x100L,CDMX,Efectivo,31,675,685,10,16,42.19,100,20,False,0,Operational,26.0,True,,False,,No issue,3,90,87,5,100,26,3,75,72,9,135,54,3,75,68,5.0,125,79,3,75,42,675,0,90,100,75,135,75,125.0,75,675.0,0.0,2025-02,False,False,False,False,False,False,False,False,0,,False,Normal,675,31
R000047,2025-02-16,2025-02,Sunday,CDMX-VM-001,GenkiClean Vending 7x100L,CDMX,Efectivo,31,685,685,0,13,52.69,100,20,False,0,Operational,29.5,True,,False,,No issue,3,90,84,5,100,21,3,75,69,8,120,46,4,100,64,5.0,125,74,3,75,39,685,0,90,100,75,120,100,125.0,75,685.0,0.0,2025-02,False,False,False,False,False,False,False,False,0,,False,Normal,685,31
R000048,2025-02-17,2025-02,Monday,CDMX-VM-001,GenkiClean Vending 7x100L,CDMX,Efectivo,33,725,725,0,15,48.33,100,20,False,0,Operational,13.6,False,,False,,No issue,3,90,81,7,140,93,4,100,65,8,120,38,4,100,60,4.0,100,70,3,75,36,725,0,90,140,100,120,100,100.0,75,725.0,0.0,2025-02,False,False,False,False,False,False,False,False,0,,False,Normal,725,33
R000049,2025-02-18,2025-02,Tuesday,CDMX-VM-001,GenkiClean Vending 7x100L,CDMX,Efectivo,27,595,595,0,14,42.5,100,20,False,0,Operational,22.2,False,,False,,No issue,2,60,79,6,120,87,3,75,62,6,90,32,4,100,56,4.0,100,66,2,50,34,595,0,60,120,75,90,100,100.0,50,595.0,0.0,2025-02,False,False,False,False,False,False,False,False,0,,False,Normal,595,27
R000050,2025-02-19,2025-02,Wednesday,CDMX-VM-001,GenkiClean Vending 7x100L,CDMX,Efectivo,30,670,675,5,21,31.9,100,20,False,0,Operational,20.4,False,,False,,No issue,3,90,76,7,140,80,3,75,59,6,90,26,3,75,53,5.0,125,61,3,75,31,670,0,90,140,75,90,75,125.0,75,670.0,0.0,2025-02,False,False,False,False,False,False,False,False,0,,False,Normal,670,30
R000051,2025-02-20,2025-02,Thursday,CDMX-VM-001,GenkiClean Vending 7x100L,CDMX,Efectivo,27,605,605,0,12,50.42,100,20,False,0,Operational,17.1,False,,False,,No issue,3,90,73,5,100,75,3,75,56,6,90,20,3,75,50,4.0,100,57,3,75,28,605,0,90,100,75,90,75,100.0,75,605.0,0.0,2025-02,False,False,False,False,False,False,False,False,0,,False,Normal,605,27
R000052,2025-02-21,2025-02,Friday,CDMX-VM-001,GenkiClean Vending 7x100L,CDMX,Efectivo,32,715,715,0,22,32.5,100,20,False,0,Operational,14.3,False,,False,,No issue,3,90,70,6,120,69,3,75,53,7,105,93,4,100,46,6.0,150,51,3,75,25,715,0,90,120,75,105,100,150.0,75,715.0,0.0,2025-02,False,False,False,False,False,False,False,False,0,,False,Normal,715,32
R000053,2025-02-22,2025-02,Saturday,CDMX-VM-001,GenkiClean Vending 7x100L,CDMX,Efectivo,31,680,680,0,21,32.38,100,20,False,0,Operational,21.6,True,,False,,No issue,3,90,67,6,120,63,3,75,50,8,120,85,3,75,43,5.0,125,46,3,75,97,680,0,90,120,75,120,75,125.0,75,680.0,0.0,2025-02,False,False,False,False,False,False,False,False,0,,False,Normal,680,31
R000054,2025-02-23,2025-02,Sunday,CDMX-VM-001,GenkiClean Vending 7x100L,CDMX,Efectivo,32,690,740,50,25,27.6,100,20,False,0,Operational,23.9,True,,False,,No issue,3,90,64,7,140,56,2,50,48,9,135,76,4,100,39,4.0,100,42,3,75,94,690,0,90,140,50,135,100,100.0,75,690.0,0.0,2025-02,False,False,False,False,False,False,False,False,0,,False,Normal,690,32
R000055,2025-02-24,2025-02,Monday,CDMX-VM-001,GenkiClean Vending 7x100L,CDMX,Efectivo,25,560,570,10,12,46.67,100,20,False,0,Operational,18.5,False,,False,,No issue,3,90,61,4,80,52,3,75,45,6,90,70,3,75,36,4.0,100,38,2,50,92,560,0,90,80,75,90,75,100.0,50,560.0,0.0,2025-02,False,False,False,False,False,False,False,False,0,,False,Normal,560,25
R000056,2025-02-25,2025-02,Tuesday,CDMX-VM-001,GenkiClean Vending 7x100L,CDMX,Efectivo,34,745,745,0,25,29.8,100,20,False,0,Operational,22.2,False,,False,,No issue,3,90,58,6,120,46,4,100,41,9,135,61,5,125,31,4.0,100,34,3,75,89,745,0,90,120,100,135,125,100.0,75,745.0,0.0,2025-02,False,False,False,False,False,False,False,False,0,,False,Normal,745,34
R000057,2025-02-26,2025-02,Wednesday,CDMX-VM-001,GenkiClean Vending 7x100L,CDMX,Efectivo,25,545,555,10,11,49.55,100,20,False,0,Operational,28.5,False,,False,,No issue,2,60,56,4,80,42,3,75,38,7,105,54,3,75,28,4.0,100,30,2,50,87,545,0,60,80,75,105,75,100.0,50,545.0,0.0,2025-02,False,False,False,False,False,False,False,False,0,,False,Normal,545,25
R000058,2025-02-27,2025-02,Thursday,CDMX-VM-001,GenkiClean Vending 7x100L,CDMX,Efectivo,25,550,570,20,16,34.38,100,20,False,0,Operational,15.5,False,,False,,No issue,3,90,53,4,80,38,3,75,35,7,105,47,3,75,25,3.0,75,27,2,50,85,550,0,90,80,75,105,75,75.0,50,550.0,0.0,2025-02,False,False,False,False,False,False,False,False,0,,False,Normal,550,25
R000059,2025-02-28,2025-02,Friday,CDMX-VM-001,GenkiClean Vending 7x100L,CDMX,Efectivo,33,715,765,50,22,32.5,100,20,False,0,Operational,17.4,False,,False,,No issue,3,90,50,5,100,33,4,100,31,10,150,37,4,100,96,4.0,100,96,3,75,82,715,0,90,100,100,150,100,100.0,75,715.0,0.0,2025-02,False,False,False,False,False,False,False,False,0,,False,Normal,715,33
R000060,2025-03-01,2025-03,Saturday,CDMX-VM-001,GenkiClean Vending 7x100L,CDMX,Efectivo,44,975,980,5,29,33.62,100,20,False,0,Operational,24.6,True,,False,,No issue,5,150,45,10,200,23,4,100,27,10,150,27,6,150,90,6.0,150,90,3,75,79,975,0,150,200,100,150,150,150.0,75,975.0,0.0,2025-03,False,False,False,False,False,False,False,False,0,,False,Normal,975,44
R000061,2025-03-02,2025-03,Sunday,CDMX-VM-001,GenkiClean Vending 7x100L,CDMX,Efectivo,32,695,705,10,15,46.33,100,20,False,0,Operational,29.3,True,,False,,No issue,3,90,42,6,120,94,3,75,24,9,135,18,3,75,87,5.0,125,85,3,75,76,695,0,90,120,75,135,75,125.0,75,695.0,0.0,2025-03,False,False,False,False,False,False,False,False,0,,False,Normal,695,32
R000062,2025-03-03,2025-03,Monday,CDMX-VM-001,GenkiClean Vending 7x100L,CDMX,Efectivo,36,810,810,0,20,40.5,100,20,False,0,Operational,21.0,False,,False,,No issue,4,120,38,6,120,88,5,125,95,8,120,92,4,100,83,6.0,150,79,3,75,73,810,0,120,120,125,120,100,150.0,75,810.0,0.0,2025-03,False,False,False,False,False,False,False,False,0,,False,Normal,810,36
R000063,2025-03-04,2025-03,Tuesday,CDMX-VM-001,GenkiClean Vending 7x100L,CDMX,Efectivo,31,685,685,0,20,34.25,100,20,False,0,Operational,18.1,False,,False,,No issue,3,90,35,7,140,81,3,75,92,7,105,85,4,100,79,4.0,100,75,3,75,70,685,0,90,140,75,105,100,100.0,75,685.0,0.0,2025-03,False,False,False,False,False,False,False,False,0,,False,Normal,685,31
R000064,2025-03-05,2025-03,Wednesday,CDMX-VM-001,GenkiClean Vending 7x100L,CDMX,Efectivo,35,770,775,5,14,55.0,100,20,False,0,Operational,14.7,False,,False,,No issue,3,90,32,8,160,73,4,100,88,8,120,77,4,100,75,5.0,125,70,3,75,67,770,0,90,160,100,120,100,125.0,75,770.0,0.0,2025-03,False,False,False,False,False,False,False,False,0,,False,Normal,770,35
R000065,2025-03-06,2025-03,Thursday,CDMX-VM-001,GenkiClean Vending 7x100L,CDMX,Efectivo,29,620,620,0,13,47.69,100,20,False,0,Operational,27.3,False,,False,,No issue,2,60,30,7,140,66,3,75,85,8,120,69,3,75,72,4.0,100,66,2,50,65,620,0,60,140,75,120,75,100.0,50,620.0,0.0,2025-03,False,False,False,False,False,False,False,False,0,,False,Normal,620,29
R000066,2025-03-07,2025-03,Friday,CDMX-VM-001,GenkiClean Vending 7x100L,CDMX,Efectivo,31,680,680,0,13,52.31,100,20,False,0,Operational,15.4,False,,False,,No issue,2,60,28,7,140,59,3,75,82,7,105,62,5,125,67,4.0,100,62,3,75,62,680,0,60,140,75,105,125,100.0,75,680.0,0.0,2025-03,False,False,False,False,False,False,False,False,0,,False,Normal,680,31
R000067,2025-03-08,2025-03,Saturday,CDMX-VM-001,GenkiClean Vending 7x100L,CDMX,Efectivo,40,870,870,0,25,34.8,100,20,False,0,Operational,14.6,True,,False,,No issue,4,120,24,8,160,51,5,125,77,11,165,51,4,100,63,5.0,125,57,3,75,59,870,0,120,160,125,165,100,125.0,75,870.0,0.0,2025-03,False,False,False,False,False,False,False,False,0,,False,Normal,870,40
R000068,2025-03-09,2025-03,Sunday,CDMX-VM-001,GenkiClean Vending 7x100L,CDMX,Efectivo,39,875,875,0,23,38.04,100,20,False,0,Operational,13.3,True,,False,,No issue,4,120,96,6,120,45,5,125,72,9,135,42,6,150,57,5.0,125,52,4,100,55,875,0,120,120,125,135,150,125.0,100,875.0,0.0,2025-03,False,False,False,False,False,False,False,False,0,,False,Normal,875,39
R000069,2025-03-10,2025-03,Monday,CDMX-VM-001,GenkiClean Vending 7x100L,CDMX,Efectivo,30,645,645,0,15,43.0,100,20,False,0,Operational,14.9,False,,False,,No issue,2,60,94,5,100,40,3,75,69,9,135,33,3,75,54,5.0,125,47,3,75,52,645,0,60,100,75,135,75,125.0,75,645.0,0.0,2025-03,False,False,False,False,False,False,False,False,0,,False,Normal,645,30
R000070,2025-03-11,2025-03,Tuesday,CDMX-VM-001,GenkiClean Vending 7x100L,CDMX,Efectivo,37,815,865,50,30,27.17,100,20,False,0,Operational,12.3,False,,False,,No issue,3,90,91,7,140,33,4,100,65,9,135,24,5,125,49,6.0,150,41,3,75,49,815,0,90,140,100,135,125,150.0,75,815.0,0.0,2025-03,False,False,False,False,False,False,False,False,0,,False,Normal,815,37
R000071,2025-03-12,2025-03,Wednesday,CDMX-VM-001,GenkiClean Vending 7x100L,CDMX,Efectivo,36,770,790,20,15,51.33,100,20,False,0,Operational,27.8,False,,False,,No issue,3,90,88,7,140,26,3,75,62,11,165,13,4,100,45,4.0,100,37,4,100,45,770,0,90,140,75,165,100,100.0,100,770.0,0.0,2025-03,False,False,False,False,False,False,False,False,0,,False,Normal,770,36
R000072,2025-03-13,2025-03,Thursday,CDMX-VM-001,GenkiClean Vending 7x100L,CDMX,Efectivo,29,630,630,0,20,31.5,100,20,False,0,Operational,28.5,False,,False,,No issue,2,60,86,7,140,19,4,100,58,7,105,93,3,75,42,3.0,75,34,3,75,42,630,0,60,140,100,105,75,75.0,75,630.0,0.0,2025-03,False,False,False,False,False,False,False,False,0,,False,Normal,630,29
R000073,2025-03-14,2025-03,Friday,CDMX-VM-001,GenkiClean Vending 7x100L,CDMX,Efectivo,41,900,900,0,34,26.47,100,20,False,0,Operational,16.7,False,,False,,No issue,4,120,82,7,140,93,5,125,53,11,165,82,5,125,37,6.0,150,28,3,75,39,900,0,120,140,125,165,125,150.0,75,900.0,0.0,2025-03,False,False,False,False,False,False,False,False,0,,False,Normal,900,41
R000074,2025-03-15,2025-03,Saturday,CDMX-VM-001,GenkiClean Vending 7x100L,CDMX,Efectivo,47,1020,1030,10,34,30.0,100,20,False,0,Operational,13.3,True,,False,,No issue,4,120,78,11,220,82,5,125,48,12,180,70,7,175,30,5.0,125,95,3,75,36,1020,0,120,220,125,180,175,125.0,75,1020.0,0.0,2025-03,False,False,False,False,False,False,False,False,0,,False,Normal,1020,47
R000075,2025-03-16,2025-03,Sunday,CDMX-VM-001,GenkiClean Vending 7x100L,CDMX,Efectivo,46,1010,1030,20,20,50.5,100,20,False,0,Operational,14.6,True,,False,,No issue,4,120,74,8,160,74,5,125,43,12,180,58,5,125,25,7.0,175,88,5,125,31,1010,0,120,160,125,180,125,175.0,125,1010.0,0.0,2025-03,False,False,False,False,False,False,False,False,0,,False,Normal,1010,46
R000076,2025-03-17,2025-03,Monday,CDMX-VM-001,GenkiClean Vending 7x100L,CDMX,Efectivo,36,795,795,0,27,29.44,100,20,False,0,Operational,23.7,False,,False,,No issue,4,120,70,7,140,67,4,100,39,9,135,49,4,100,21,5.0,125,83,3,75,28,795,0,120,140,100,135,100,125.0,75,795.0,0.0,2025-03,False,False,False,False,False,False,False,False,0,,False,Normal,795,36
R000077,2025-03-18,2025-03,Tuesday,CDMX-VM-001,GenkiClean Vending 7x100L,CDMX,Efectivo,38,850,870,20,20,42.5,100,20,False,0,Operational,12.1,False,,False,,No issue,4,120,66,8,160,59,4,100,35,8,120,41,5,125,95,5.0,125,78,4,100,24,850,0,120,160,100,120,125,125.0,100,850.0,0.0,2025-03,False,False,False,False,False,False,False,False,0,,False,Normal,850,38
R000078,2025-03-19,2025-03,Wednesday,CDMX-VM-001,GenkiClean Vending 7x100L,CDMX,Efectivo,30,660,710,50,12,55.0,100,20,False,0,Operational,12.3,False,,False,,No issue,3,90,63,5,100,54,3,75,32,8,120,33,4,100,91,4.0,100,74,3,75,21,660,0,90,100,75,120,100,100.0,75,660.0,0.0,2025-03,False,False,False,False,False,False,False,False,0,,False,Normal,660,30
R000079,2025-03-20,2025-03,Thursday,CDMX-VM-001,GenkiClean Vending 7x100L,CDMX,Efectivo,25,555,560,5,13,42.69,100,20,False,0,Operational,24.7,False,,False,,No issue,3,90,60,5,100,49,3,75,29,6,90,27,3,75,88,3.0,75,71,2,50,98,555,0,90,100,75,90,75,75.0,50,555.0,0.0,2025-03,False,False,False,False,False,False,False,False,0,,False,Normal,555,25
R000080,2025-03-21,2025-03,Friday,CDMX-VM-001,GenkiClean Vending 7x100L,CDMX,Efectivo,36,800,800,0,24,33.33,100,20,False,0,Operational,18.9,False,,False,,No issue,3,90,57,9,180,40,4,100,25,7,105,20,4,100,84,6.0,150,65,3,75,95,800,0,90,180,100,105,100,150.0,75,800.0,0.0,2025-03,False,False,False,False,False,False,False,False,0,,False,Normal,800,36
R000081,2025-03-22,2025-03,Saturday,CDMX-VM-001,GenkiClean Vending 7x100L,CDMX,Efectivo,36,810,830,20,21,38.57,100,20,False,0,Operational,25.3,True,,False,,No issue,4,120,53,6,120,34,5,125,20,8,120,92,5,125,79,5.0,125,60,3,75,92,810,0,120,120,125,120,125,125.0,75,810.0,0.0,2025-03,False,False,False,False,False,False,False,False,0,,False,Normal,810,36
R000082,2025-03-23,2025-03,Sunday,CDMX-VM-001,GenkiClean Vending 7x100L,CDMX,Efectivo,41,930,930,0,20,46.5,100,20,False,0,Operational,16.9,True,,False,,No issue,5,150,48,8,160,26,4,100,96,8,120,84,6,150,73,6.0,150,54,4,100,88,930,0,150,160,100,120,150,150.0,100,930.0,0.0,2025-03,False,False,False,False,False,False,False,False,0,,False,Normal,930,41
R000083,2025-03-24,2025-03,Monday,CDMX-VM-001,GenkiClean Vending 7x100L,CDMX,Efectivo,26,580,580,0,19,30.53,100,20,False,0,Operational,27.8,False,,False,,No issue,3,90,45,5,100,95,3,75,93,6,90,78,2,50,71,5.0,125,49,2,50,86,580,0,90,100,75,90,50,125.0,50,580.0,0.0,2025-03,False,False,False,False,False,False,False,False,0,,False,Normal,580,26
R000084,2025-03-25,2025-03,Tuesday,CDMX-VM-001,GenkiClean Vending 7x100L,CDMX,Efectivo,26,580,580,0,13,44.62,100,20,False,0,Operational,27.4,False,,False,,No issue,3,90,42,5,100,90,3,75,90,6,90,72,3,75,68,3.0,75,46,3,75,83,580,0,90,100,75,90,75,75.0,75,580.0,0.0,2025-03,False,False,False,False,False,False,False,False,0,,False,Normal,580,26
R000085,2025-03-26,2025-03,Wednesday,CDMX-VM-001,GenkiClean Vending 7x100L,CDMX,Efectivo,35,785,790,5,17,46.18,100,20,False,0,Operational,21.0,False,,False,,No issue,3,90,39,7,140,83,5,125,85,7,105,65,4,100,64,6.0,150,40,3,75,80,785,0,90,140,125,105,100,150.0,75,785.0,0.0,2025-03,False,False,False,False,False,False,False,False,0,,False,Normal,785,35
R000086,2025-03-27,2025-03,Thursday,CDMX-VM-001,GenkiClean Vending 7x100L,CDMX,Efectivo,34,750,770,20,17,44.12,100,20,False,0,Operational,24.2,False,,False,,No issue,4,120,35,6,120,77,3,75,82,9,135,56,4,100,60,6.0,150,34,2,50,78,750,0,120,120,75,135,100,150.0,50,750.0,0.0,2025-03,False,False,False,False,False,False,False,False,0,,False,Normal,750,34
R000087,2025-03-28,2025-03,Friday,CDMX-VM-001,GenkiClean Vending 7x100L,CDMX,Efectivo,39,890,910,20,19,46.84,100,20,False,0,Operational,11.6,False,,False,,No issue,5,150,30,6,120,71,5,125,77,8,120,48,5,125,55,7.0,175,27,3,75,75,890,0,150,120,125,120,125,175.0,75,890.0,0.0,2025-03,False,False,False,False,False,False,False,False,0,,False,Normal,890,39
R000088,2025-03-29,2025-03,Saturday,CDMX-VM-001,GenkiClean Vending 7x100L,CDMX,Efectivo,38,840,845,5,20,42.0,100,20,False,0,Operational,30.4,True,,False,,No issue,4,120,26,6,120,65,4,100,73,10,150,38,5,125,50,6.0,150,21,3,75,72,840,0,120,120,100,150,125,150.0,75,840.0,0.0,2025-03,False,False,False,False,False,False,False,False,0,,False,Normal,840,38
R000089,2025-03-30,2025-03,Sunday,CDMX-VM-001,GenkiClean Vending 7x100L,CDMX,Efectivo,37,810,810,0,17,47.65,100,20,False,0,Operational,26.4,True,,False,,No issue,3,90,23,8,160,57,3,75,70,9,135,29,5,125,45,6.0,150,94,3,75,69,810,0,90,160,75,135,125,150.0,75,810.0,0.0,2025-03,False,False,False,False,False,False,False,False,0,,False,Normal,810,37
R000090,2025-03-31,2025-03,Monday,CDMX-VM-001,GenkiClean Vending 7x100L,CDMX,Efectivo,24,540,590,50,15,36.0,100,20,False,0,Operational,28.6,False,,False,,No issue,2,60,21,4,80,53,3,75,67,5,75,24,4,100,41,3.0,75,91,3,75,66,540,0,60,80,75,75,100,75.0,75,540.0,0.0,2025-03,False,False,False,False,False,False,False,False,0,,False,Normal,540,24
R000091,2025-04-01,2025-04,Tuesday,CDMX-VM-001,GenkiClean Vending 7x100L,CDMX,Efectivo,40,890,890,0,23,38.7,100,20,False,0,Operational,13.6,False,,False,,No issue,4,120,96,10,200,43,5,125,62,8,120,92,5,125,36,5.0,125,86,3,75,63,890,0,120,200,125,120,125,125.0,75,890.0,0.0,2025-04,False,False,False,False,False,False,False,False,0,,False,Normal,890,40
R000092,2025-04-02,2025-04,Wednesday,CDMX-VM-001,GenkiClean Vending 7x100L,CDMX,Efectivo,37,825,825,0,18,45.83,100,20,False,0,Operational,21.9,False,,False,,No issue,4,120,92,8,160,35,4,100,58,8,120,84,5,125,31,4.0,100,82,4,100,59,825,0,120,160,100,120,125,100.0,100,825.0,0.0,2025-04,False,False,False,False,False,False,False,False,0,,False,Normal,825,37
R000093,2025-04-03,2025-04,Thursday,CDMX-VM-001,GenkiClean Vending 7x100L,CDMX,Efectivo,31,680,680,0,21,32.38,100,20,False,0,Operational,14.1,False,,False,,No issue,3,90,89,6,120,29,3,75,55,8,120,76,4,100,27,4.0,100,78,3,75,56,680,0,90,120,75,120,100,100.0,75,680.0,0.0,2025-04,False,False,False,False,False,False,False,False,0,,False,Normal,680,31
R000094,2025-04-04,2025-04,Friday,CDMX-VM-001,GenkiClean Vending 7x100L,CDMX,Efectivo,36,795,845,50,23,34.57,100,20,False,0,Operational,16.5,False,,False,,No issue,3,90,86,6,120,23,4,100,51,9,135,67,5,125,95,5.0,125,73,4,100,52,795,0,90,120,100,135,125,125.0,100,795.0,0.0,2025-04,False,False,False,False,False,False,False,False,0,,False,Normal,795,36
R000095,2025-04-05,2025-04,Saturday,CDMX-VM-001,GenkiClean Vending 7x100L,CDMX,Efectivo,38,825,845,20,15,55.0,100,20,False,0,Operational,30.1,True,,False,,No issue,3,90,83,6,120,17,4,100,47,11,165,56,4,100,91,7.0,175,66,3,75,49,825,0,90,120,100,165,100,175.0,75,825.0,0.0,2025-04,False,False,False,False,False,False,False,False,0,,False,Normal,825,38
R000096,2025-04-06,2025-04,Sunday,CDMX-VM-001,GenkiClean Vending 7x100L,CDMX,Efectivo,47,1050,1050,0,21,50.0,100,20,False,0,Operational,27.4,True,,False,,No issue,5,150,78,8,160,92,6,150,41,11,165,45,6,150,85,7.0,175,59,4,100,45,1050,0,150,160,150,165,150,175.0,100,1050.0,0.0,2025-04,False,False,False,False,False,False,False,False,0,,False,Normal,1050,47
R000097,2025-04-07,2025-04,Monday,CDMX-VM-001,GenkiClean Vending 7x100L,CDMX,Efectivo,34,755,805,50,15,50.33,100,20,False,0,Operational,11.6,False,,False,,No issue,4,120,74,7,140,85,3,75,38,8,120,37,3,75,82,6.0,150,53,3,75,42,755,0,120,140,75,120,75,150.0,75,755.0,0.0,2025-04,False,False,False,False,False,False,False,False,0,,False,Normal,755,34
R000098,2025-04-08,2025-04,Tuesday,CDMX-VM-001,GenkiClean Vending 7x100L,CDMX,Efectivo,32,715,725,10,14,51.07,100,20,False,0,Operational,24.3,False,,False,,No issue,3,90,71,6,120,79,3,75,35,7,105,30,5,125,77,5.0,125,48,3,75,39,715,0,90,120,75,105,125,125.0,75,715.0,0.0,2025-04,False,False,False,False,False,False,False,False,0,,False,Normal,715,32
R000099,2025-04-09,2025-04,Wednesday,CDMX-VM-001,GenkiClean Vending 7x100L,CDMX,Efectivo,29,625,630,5,12,52.08,100,20,False,0,Operational,26.5,False,,False,,No issue,2,60,69,6,120,73,3,75,32,8,120,22,3,75,74,4.0,100,44,3,75,36,625,0,60,120,75,120,75,100.0,75,625.0,0.0,2025-04,False,False,False,False,False,False,False,False,0,,False,Normal,625,29
R000100,2025-04-10,2025-04,Thursday,CDMX-VM-001,GenkiClean Vending 7x100L,CDMX,Efectivo,37,830,850,20,19,43.68,100,20,False,0,Operational,22.3,False,,False,,No issue,4,120,65,7,140,66,4,100,28,8,120,92,5,125,69,5.0,125,39,4,100,32,830,0,120,140,100,120,125,125.0,100,830.0,0.0,2025-04,False,False,False,False,False,False,False,False,0,,False,Normal,830,37
R000101,2025-04-11,2025-04,Friday,CDMX-VM-001,GenkiClean Vending 7x100L,CDMX,Efectivo,32,705,715,10,17,41.47,100,20,False,0,Operational,11.8,False,,False,,No issue,3,90,62,6,120,60,3,75,25,8,120,84,4,100,65,5.0,125,34,3,75,29,705,0,90,120,75,120,100,125.0,75,705.0,0.0,2025-04,False,False,False,False,False,False,False,False,0,,False,Normal,705,32
R000102,2025-04-12,2025-04,Saturday,CDMX-VM-001,GenkiClean Vending 7x100L,CDMX,Efectivo,37,825,825,0,17,48.53,100,20,False,0,Operational,15.8,True,,False,,No issue,4,120,58,6,120,54,3,75,22,9,135,75,5,125,60,6.0,150,28,4,100,25,825,0,120,120,75,135,125,150.0,100,825.0,0.0,2025-04,False,False,False,False,False,False,False,False,0,,False,Normal,825,37
R000103,2025-04-13,2025-04,Sunday,CDMX-VM-001,GenkiClean Vending 7x100L,CDMX,Efectivo,46,1030,1030,0,30,34.33,100,20,False,0,Operational,28.1,True,,False,,No issue,4,120,54,10,200,44,5,125,95,9,135,66,5,125,55,8.0,200,92,5,125,20,1030,0,120,200,125,135,125,200.0,125,1030.0,0.0,2025-04,False,False,False,False,False,False,False,False,0,,False,Normal,1030,46
R000104,2025-04-14,2025-04,Monday,CDMX-VM-001,GenkiClean Vending 7x100L,CDMX,Efectivo,38,840,860,20,25,33.6,100,20,False,0,Operational,28.1,False,,False,,No issue,3,90,51,9,180,35,4,100,91,8,120,58,6,150,49,5.0,125,87,3,75,97,840,0,90,180,100,120,150,125.0,75,840.0,0.0,2025-04,False,False,False,False,False,False,False,False,0,,False,Normal,840,38
R000105,2025-04-15,2025-04,Tuesday,CDMX-VM-001,GenkiClean Vending 7x100L,CDMX,Efectivo,35,775,795,20,16,48.44,100,20,False,0,Operational,17.8,False,,False,,No issue,3,90,48,7,140,28,3,75,88,8,120,50,5,125,44,6.0,150,81,3,75,94,775,0,90,140,75,120,125,150.0,75,775.0,0.0,2025-04,False,False,False,False,False,False,False,False,0,,False,Normal,775,35
R000106,2025-04-16,2025-04,Wednesday,CDMX-VM-001,GenkiClean Vending 7x100L,CDMX,Efectivo,33,735,785,50,27,27.22,100,20,False,0,Operational,23.3,False,,False,,No issue,4,120,44,8,160,20,3,75,85,7,105,43,4,100,40,4.0,100,77,3,75,91,735,0,120,160,75,105,100,100.0,75,735.0,0.0,2025-04,False,False,False,False,False,False,False,False,0,,False,Normal,735,33
R000107,2025-04-17,2025-04,Thursday,CDMX-VM-001,GenkiClean Vending 7x100L,CDMX,Efectivo,36,810,810,0,15,54.0,100,20,False,0,Operational,27.1,False,,False,,No issue,4,120,40,6,120,94,3,75,82,8,120,35,5,125,35,6.0,150,71,4,100,87,810,0,120,120,75,120,125,150.0,100,810.0,0.0,2025-04,False,False,False,False,False,False,False,False,0,,False,Normal,810,36
R000108,2025-04-18,2025-04,Friday,CDMX-VM-001,GenkiClean Vending 7x100L,CDMX,Efectivo,44,995,995,0,29,34.31,100,20,False,0,Operational,29.0,False,,False,,No issue,5,150,35,8,160,86,6,150,76,9,135,26,6,150,29,6.0,150,65,4,100,83,995,0,150,160,150,135,150,150.0,100,995.0,0.0,2025-04,False,False,False,False,False,False,False,False,0,,False,Normal,995,44
R000109,2025-04-19,2025-04,Saturday,CDMX-VM-001,GenkiClean Vending 7x100L,CDMX,Efectivo,48,1050,1055,5,37,28.38,100,20,False,0,Operational,20.1,True,,False,,No issue,4,120,31,10,200,76,5,125,71,12,180,88,5,125,24,8.0,200,57,4,100,79,1050,0,120,200,125,180,125,200.0,100,1050.0,0.0,2025-04,False,False,False,False,False,False,False,False,0,,False,Normal,1050,48
R000110,2025-04-20,2025-04,Sunday,CDMX-VM-001,GenkiClean Vending 7x100L,CDMX,Efectivo,44,965,965,0,30,32.17,100,20,False,0,Operational,29.6,True,,False,,No issue,4,120,27,9,180,67,4,100,67,11,165,77,5,125,95,7.0,175,50,4,100,75,965,0,120,180,100,165,125,175.0,100,965.0,0.0,2025-04,False,False,False,False,False,False,False,False,0,,False,Normal,965,44
R000111,2025-04-21,2025-04,Monday,CDMX-VM-001,GenkiClean Vending 7x100L,CDMX,Efectivo,35,785,805,20,17,46.18,100,20,False,0,Operational,25.1,False,,False,,No issue,3,90,24,7,140,60,4,100,63,7,105,70,4,100,91,7.0,175,43,3,75,72,785,0,90,140,100,105,100,175.0,75,785.0,0.0,2025-04,False,False,False,False,False,False,False,False,0,,False,Normal,785,35
R000112,2025-04-22,2025-04,Tuesday,CDMX-VM-001,GenkiClean Vending 7x100L,CDMX,Efectivo,33,720,720,0,15,48.0,100,20,False,0,Operational,14.1,False,,False,,No issue,3,90,21,8,160,52,2,50,61,8,120,62,4,100,87,5.0,125,38,3,75,69,720,0,90,160,50,120,100,125.0,75,720.0,0.0,2025-04,False,False,False,False,False,False,False,False,0,,False,Normal,720,33
R000113,2025-04-23,2025-04,Wednesday,CDMX-VM-001,GenkiClean Vending 7x100L,CDMX,Efectivo,40,870,880,10,33,26.36,100,20,False,0,Operational,12.6,False,,False,,No issue,3,90,97,9,180,43,3,75,58,10,150,52,5,125,82,6.0,150,32,4,100,65,870,0,90,180,75,150,125,150.0,100,870.0,0.0,2025-04,False,False,False,False,False,False,False,False,0,,False,Normal,870,40
R000114,2025-04-24,2025-04,Thursday,CDMX-VM-001,GenkiClean Vending 7x100L,CDMX,Efectivo,36,805,825,20,17,47.35,100,20,False,0,Operational,16.0,False,,False,,No issue,3,90,94,8,160,35,4,100,54,7,105,45,5,125,77,5.0,125,27,4,100,61,805,0,90,160,100,105,125,125.0,100,805.0,0.0,2025-04,False,False,False,False,False,False,False,False,0,,False,Normal,805,36
R000115,2025-04-25,2025-04,Friday,CDMX-VM-001,GenkiClean Vending 7x100L,CDMX,Efectivo,39,880,900,20,23,38.26,100,20,False,0,Operational,19.6,False,,False,,No issue,3,90,91,6,120,29,5,125,49,8,120,37,6,150,71,8.0,200,19,3,75,58,880,0,90,120,125,120,150,200.0,75,880.0,0.0,2025-04,False,False,False,False,False,False,False,False,0,,False,Normal,880,39
R000116,2025-04-26,2025-04,Saturday,CDMX-VM-001,GenkiClean Vending 7x100L,CDMX,Efectivo,44,995,1015,20,25,39.8,100,20,False,0,Operational,23.4,True,,False,,No issue,5,150,86,8,160,21,4,100,45,9,135,28,5,125,66,8.0,200,92,5,125,53,995,0,150,160,100,135,125,200.0,125,995.0,0.0,2025-04,False,False,False,False,False,False,False,False,0,,False,Normal,995,44
R000117,2025-04-27,2025-04,Sunday,CDMX-VM-001,GenkiClean Vending 7x100L,CDMX,Efectivo,41,910,920,10,20,45.5,100,20,False,0,Operational,30.3,True,,False,,No issue,4,120,82,9,180,91,4,100,41,9,135,91,5,125,61,7.0,175,85,3,75,50,910,0,120,180,100,135,125,175.0,75,910.0,0.0,2025-04,False,False,False,False,False,False,False,False,0,,False,Normal,910,41
R000118,2025-04-28,2025-04,Monday,CDMX-VM-001,GenkiClean Vending 7x100L,CDMX,Efectivo,31,700,705,5,25,28.0,100,20,False,0,Operational,11.9,False,,False,,No issue,3,90,79,6,120,85,4,100,37,6,90,85,4,100,57,5.0,125,80,3,75,47,700,0,90,120,100,90,100,125.0,75,700.0,0.0,2025-04,False,False,False,False,False,False,False,False,0,,False,Normal,700,31
R000119,2025-04-29,2025-04,Tuesday,CDMX-VM-001,GenkiClean Vending 7x100L,CDMX,Efectivo,27,595,595,0,14,42.5,100,20,False,0,Operational,28.4,False,,False,,No issue,2,60,77,6,120,79,3,75,34,6,90,79,4,100,53,4.0,100,76,2,50,45,595,0,60,120,75,90,100,100.0,50,595.0,0.0,2025-04,False,False,False,False,False,False,False,False,0,,False,Normal,595,27
R000120,2025-04-30,2025-04,Wednesday,CDMX-VM-001,GenkiClean Vending 7x100L,CDMX,Efectivo,41,915,915,0,18,50.83,100,20,False,0,Operational,25.5,False,,False,,No issue,5,150,72,9,180,70,4,100,30,9,135,70,5,125,48,5.0,125,71,4,100,41,915,0,150,180,100,135,125,125.0,100,915.0,0.0,2025-04,False,False,False,False,False,False,False,False,0,,False,Normal,915,41
R000121,2025-05-01,2025-05,Thursday,CDMX-VM-001,GenkiClean Vending 7x100L,CDMX,Efectivo,29,650,650,0,19,34.21,100,20,False,0,Operational,25.0,False,,False,,No issue,3,90,69,6,120,64,3,75,27,6,90,64,4,100,44,4.0,100,67,3,75,38,650,0,90,120,75,90,100,100.0,75,650.0,0.0,2025-05,False,False,False,False,False,False,False,False,0,,False,Normal,650,29
R000122,2025-05-02,2025-05,Friday,CDMX-VM-001,GenkiClean Vending 7x100L,CDMX,Efectivo,30,660,670,10,13,50.77,100,20,False,0,Operational,17.4,False,,False,,No issue,3,90,66,7,140,57,2,50,25,7,105,57,4,100,40,4.0,100,63,3,75,35,660,0,90,140,50,105,100,100.0,75,660.0,0.0,2025-05,False,False,False,False,False,False,False,False,0,,False,Normal,660,30
R000123,2025-05-03,2025-05,Saturday,CDMX-VM-001,GenkiClean Vending 7x100L,CDMX,Efectivo,42,920,940,20,27,34.07,100,20,False,0,Operational,23.0,True,,False,,No issue,4,120,62,10,200,47,4,100,21,10,150,47,6,150,34,5.0,125,58,3,75,32,920,0,120,200,100,150,150,125.0,75,920.0,0.0,2025-05,False,False,False,False,False,False,False,False,0,,False,Normal,920,42
R000124,2025-05-04,2025-05,Sunday,CDMX-VM-001,GenkiClean Vending 7x100L,CDMX,Efectivo,45,985,995,10,28,35.18,100,20,False,0,Operational,25.8,True,,False,,No issue,4,120,58,10,200,37,4,100,96,11,165,36,7,175,27,6.0,150,52,3,75,29,985,0,120,200,100,165,175,150.0,75,985.0,0.0,2025-05,False,False,False,False,False,False,False,False,0,,False,Normal,985,45
R000125,2025-05-05,2025-05,Monday,CDMX-VM-001,GenkiClean Vending 7x100L,CDMX,Efectivo,31,690,710,20,20,34.5,100,20,False,0,Operational,20.5,False,,False,,No issue,3,90,55,6,120,31,4,100,92,7,105,29,4,100,23,4.0,100,48,3,75,26,690,0,90,120,100,105,100,100.0,75,690.0,0.0,2025-05,False,False,False,False,False,False,False,False,0,,False,Normal,690,31
R000126,2025-05-06,2025-05,Tuesday,CDMX-VM-001,GenkiClean Vending 7x100L,CDMX,Efectivo,30,670,670,0,25,26.8,100,20,False,0,Operational,23.2,False,,False,,No issue,3,90,52,5,100,26,4,100,88,7,105,22,4,100,96,4.0,100,44,3,75,23,670,0,90,100,100,105,100,100.0,75,670.0,0.0,2025-05,False,False,False,False,False,False,False,False,0,,False,Normal,670,30
R000127,2025-05-07,2025-05,Wednesday,CDMX-VM-001,GenkiClean Vending 7x100L,CDMX,Efectivo,31,685,695,10,14,48.93,100,20,False,0,Operational,15.2,False,,False,,No issue,3,90,49,5,100,95,4,100,84,8,120,92,3,75,93,5.0,125,39,3,75,97,685,0,90,100,100,120,75,125.0,75,685.0,0.0,2025-05,False,False,False,False,False,False,False,False,0,,False,Normal,685,31
R000128,2025-05-08,2025-05,Thursday,CDMX-VM-001,GenkiClean Vending 7x100L,CDMX,Efectivo,39,870,890,20,19,45.79,100,20,False,0,Operational,21.9,False,,False,,No issue,4,120,45,7,140,88,5,125,79,9,135,83,4,100,89,7.0,175,32,3,75,94,870,0,120,140,125,135,100,175.0,75,870.0,0.0,2025-05,False,False,False,False,False,False,False,False,0,,False,Normal,870,39
R000129,2025-05-09,2025-05,Friday,CDMX-VM-001,GenkiClean Vending 7x100L,CDMX,Efectivo,32,715,715,0,13,55.0,100,20,False,0,Operational,15.3,False,,False,,No issue,4,120,41,5,100,83,3,75,76,8,120,75,5,125,84,4.0,100,28,3,75,91,715,0,120,100,75,120,125,100.0,75,715.0,0.0,2025-05,False,False,False,False,False,False,False,False,0,,False,Normal,715,32
R000130,2025-05-10,2025-05,Saturday,CDMX-VM-001,GenkiClean Vending 7x100L,CDMX,Efectivo,65,1450,1500,50,44,32.95,100,20,False,0,Operational,25.1,True,,False,,No issue,5,150,36,14,280,69,6,150,70,13,195,62,9,225,75,11.0,275,17,7,175,84,1450,0,150,280,150,195,225,275.0,175,1450.0,0.0,2025-05,True,True,True,False,True,False,False,False,4,,False,Keep,1450,65
R000131,2025-05-11,2025-05,Sunday,CDMX-VM-001,GenkiClean Vending 7x100L,CDMX,Efectivo,47,1040,1045,5,24,43.33,100,20,False,0,Operational,17.2,True,,False,,No issue,4,120,32,9,180,60,4,100,66,11,165,51,7,175,68,8.0,200,92,4,100,80,1040,0,120,180,100,165,175,200.0,100,1040.0,0.0,2025-05,False,False,False,False,False,False,False,False,0,,False,Normal,1040,47
R000132,2025-05-12,2025-05,Monday,CDMX-VM-001,GenkiClean Vending 7x100L,CDMX,Efectivo,30,655,660,5,17,38.53,100,20,False,0,Operational,26.8,False,,False,,No issue,3,90,29,6,120,54,2,50,64,8,120,43,4,100,64,5.0,125,87,2,50,78,655,0,90,120,50,120,100,125.0,50,655.0,0.0,2025-05,False,False,False,False,False,False,False,False,0,,False,Normal,655,30
R000133,2025-05-13,2025-05,Tuesday,CDMX-VM-001,GenkiClean Vending 7x100L,CDMX,Efectivo,37,825,825,0,15,55.0,100,20,False,0,Operational,24.7,False,,False,,No issue,4,120,25,8,160,46,4,100,60,8,120,35,5,125,59,5.0,125,82,3,75,75,825,0,120,160,100,120,125,125.0,75,825.0,0.0,2025-05,False,False,False,False,False,False,False,False,0,,False,Normal,825,37
R000134,2025-05-14,2025-05,Wednesday,CDMX-VM-001,GenkiClean Vending 7x100L,CDMX,Efectivo,35,780,790,10,18,43.33,100,20,False,0,Operational,19.0,False,,False,,No issue,3,90,22,6,120,40,4,100,56,8,120,27,4,100,55,6.0,150,76,4,100,71,780,0,90,120,100,120,100,150.0,100,780.0,0.0,2025-05,False,False,False,False,False,False,False,False,0,,False,Normal,780,35
R000135,2025-05-15,2025-05,Thursday,CDMX-VM-001,GenkiClean Vending 7x100L,CDMX,Efectivo,34,755,765,10,24,31.46,100,20,False,0,Operational,21.0,False,,False,,No issue,4,120,18,9,180,31,3,75,53,7,105,93,3,75,52,5.0,125,71,3,75,68,755,0,120,180,75,105,75,125.0,75,755.0,0.0,2025-05,False,False,False,False,False,False,False,False,0,,False,Normal,755,34
R000136,2025-05-16,2025-05,Friday,CDMX-VM-001,GenkiClean Vending 7x100L,CDMX,Efectivo,44,985,985,0,25,39.4,100,20,False,0,Operational,28.2,False,,False,,No issue,4,120,96,11,220,20,6,150,47,8,120,85,4,100,48,6.0,150,65,5,125,63,985,0,120,220,150,120,100,150.0,125,985.0,0.0,2025-05,False,False,False,False,False,False,False,False,0,,False,Normal,985,44
R000137,2025-05-17,2025-05,Saturday,CDMX-VM-001,GenkiClean Vending 7x100L,CDMX,Efectivo,49,1065,1065,0,30,35.5,100,20,False,0,Operational,15.9,True,,False,,No issue,5,150,91,11,220,89,4,100,43,13,195,72,5,125,43,6.0,150,59,5,125,58,1065,0,150,220,100,195,125,150.0,125,1065.0,0.0,2025-05,False,False,False,False,False,False,False,False,0,,False,Normal,1065,49
R000138,2025-05-18,2025-05,Sunday,CDMX-VM-001,GenkiClean Vending 7x100L,CDMX,Efectivo,50,1100,1150,50,22,50.0,100,20,False,0,Operational,14.2,True,,False,,No issue,4,120,87,8,160,81,7,175,36,13,195,59,7,175,36,7.0,175,52,4,100,54,1100,0,120,160,175,195,175,175.0,100,1100.0,0.0,2025-05,False,False,False,False,False,False,False,False,0,,False,Normal,1100,50
R000139,2025-05-19,2025-05,Monday,CDMX-VM-001,GenkiClean Vending 7x100L,CDMX,Efectivo,34,755,755,0,16,47.19,100,20,False,0,Operational,16.2,False,,False,,No issue,4,120,83,7,140,74,3,75,33,8,120,51,5,125,31,4.0,100,48,3,75,51,755,0,120,140,75,120,125,100.0,75,755.0,0.0,2025-05,False,False,False,False,False,False,False,False,0,,False,Normal,755,34
R000140,2025-05-20,2025-05,Tuesday,CDMX-VM-001,GenkiClean Vending 7x100L,CDMX,Efectivo,33,730,730,0,13,56.15,100,20,False,0,Operational,19.1,False,,False,,No issue,4,120,79,7,140,67,3,75,30,8,120,43,3,75,28,5.0,125,43,3,75,48,730,0,120,140,75,120,75,125.0,75,730.0,0.0,2025-05,False,False,False,False,False,False,False,False,0,,False,Normal,730,33
R000141,2025-05-21,2025-05,Wednesday,CDMX-VM-001,GenkiClean Vending 7x100L,CDMX,Efectivo,27,595,645,50,22,27.05,100,20,False,0,Operational,21.0,False,,False,,No issue,2,60,77,6,120,61,2,50,28,6,90,37,4,100,96,5.0,125,38,2,50,46,595,0,60,120,50,90,100,125.0,50,595.0,0.0,2025-05,False,False,False,False,False,False,False,False,0,,False,Normal,595,27
R000142,2025-05-22,2025-05,Thursday,CDMX-VM-001,GenkiClean Vending 7x100L,CDMX,Efectivo,42,925,925,0,25,37.0,100,20,False,0,Operational,14.8,False,,False,,No issue,4,120,73,11,220,50,4,100,24,9,135,28,5,125,91,5.0,125,33,4,100,42,925,0,120,220,100,135,125,125.0,100,925.0,0.0,2025-05,False,False,False,False,False,False,False,False,0,,False,Normal,925,42
R000143,2025-05-23,2025-05,Friday,CDMX-VM-001,GenkiClean Vending 7x100L,CDMX,Efectivo,37,810,860,50,15,54.0,100,20,False,0,Operational,14.4,False,,False,,No issue,3,90,70,8,160,42,5,125,19,9,135,19,5,125,86,4.0,100,29,3,75,39,810,0,90,160,125,135,125,100.0,75,810.0,0.0,2025-05,False,False,False,False,False,False,False,False,0,,False,Normal,810,37
R000144,2025-05-24,2025-05,Saturday,CDMX-VM-001,GenkiClean Vending 7x100L,CDMX,Efectivo,47,1040,1090,50,29,35.86,100,20,False,0,Operational,24.4,True,,False,,No issue,4,120,66,9,180,33,6,150,94,11,165,89,6,150,80,6.0,150,23,5,125,34,1040,0,120,180,150,165,150,150.0,125,1040.0,0.0,2025-05,False,False,False,False,False,False,False,False,0,,False,Normal,1040,47
R000145,2025-05-25,2025-05,Sunday,CDMX-VM-001,GenkiClean Vending 7x100L,CDMX,Efectivo,44,985,985,0,28,35.18,100,20,False,0,Operational,11.7,True,,False,,No issue,5,150,61,8,160,25,5,125,89,10,150,79,6,150,74,6.0,150,17,4,100,30,985,0,150,160,125,150,150,150.0,100,985.0,0.0,2025-05,False,False,False,False,False,False,False,False,0,,False,Normal,985,44
R000146,2025-05-26,2025-05,Monday,CDMX-VM-001,GenkiClean Vending 7x100L,CDMX,Efectivo,43,940,945,5,18,52.22,100,20,False,0,Operational,16.7,False,,False,,No issue,5,150,56,8,160,92,4,100,85,12,180,67,4,100,70,6.0,150,94,4,100,26,940,0,150,160,100,180,100,150.0,100,940.0,0.0,2025-05,False,False,False,False,False,False,False,False,0,,False,Normal,940,43
R000147,2025-05-27,2025-05,Tuesday,CDMX-VM-001,GenkiClean Vending 7x100L,CDMX,Efectivo,31,670,675,5,20,33.5,100,20,False,0,Operational,14.3,False,,False,,No issue,3,90,53,6,120,86,3,75,82,9,135,58,3,75,67,4.0,100,90,3,75,23,670,0,90,120,75,135,75,100.0,75,670.0,0.0,2025-05,False,False,False,False,False,False,False,False,0,,False,Normal,670,31
R000148,2025-05-28,2025-05,Wednesday,CDMX-VM-001,GenkiClean Vending 7x100L,CDMX,Efectivo,31,700,750,50,17,41.18,100,20,False,0,Operational,21.8,False,,False,,No issue,3,90,50,6,120,80,4,100,78,6,90,52,4,100,63,5.0,125,85,3,75,97,700,0,90,120,100,90,100,125.0,75,700.0,0.0,2025-05,False,False,False,False,False,False,False,False,0,,False,Normal,700,31
R000149,2025-05-29,2025-05,Thursday,CDMX-VM-001,GenkiClean Vending 7x100L,CDMX,Efectivo,34,765,785,20,21,36.43,100,20,False,0,Operational,17.7,False,,False,,No issue,4,120,46,5,100,75,4,100,74,8,120,44,5,125,58,5.0,125,80,3,75,94,765,0,120,100,100,120,125,125.0,75,765.0,0.0,2025-05,False,False,False,False,False,False,False,False,0,,False,Normal,765,34
R000150,2025-05-30,2025-05,Friday,CDMX-VM-001,GenkiClean Vending 7x100L,CDMX,Efectivo,44,990,990,0,35,28.29,100,20,False,0,Operational,20.9,False,,False,,No issue,4,120,42,8,160,67,6,150,68,9,135,35,5,125,53,7.0,175,73,5,125,89,990,0,120,160,150,135,125,175.0,125,990.0,0.0,2025-05,False,False,False,False,False,False,False,False,0,,False,Normal,990,44
R000151,2025-05-31,2025-05,Saturday,CDMX-VM-001,GenkiClean Vending 7x100L,CDMX,Efectivo,40,870,890,20,16,54.38,100,20,False,0,Operational,23.5,True,,False,,No issue,3,90,39,9,180,58,4,100,64,10,150,25,4,100,49,6.0,150,67,4,100,85,870,0,90,180,100,150,100,150.0,100,870.0,0.0,2025-05,False,False,False,False,False,False,False,False,0,,False,Normal,870,40
R000152,2025-06-01,2025-06,Sunday,CDMX-VM-001,GenkiClean Vending 7x100L,CDMX,Efectivo,44,970,970,0,21,46.19,100,20,False,0,Operational,18.3,True,,False,,No issue,4,120,35,8,160,50,4,100,60,11,165,14,6,150,43,8.0,200,59,3,75,82,970,0,120,160,100,165,150,200.0,75,970.0,0.0,2025-06,False,False,False,False,False,False,False,False,0,,False,Normal,970,44
R000153,2025-06-02,2025-06,Monday,CDMX-VM-001,GenkiClean Vending 7x100L,CDMX,Efectivo,41,905,925,20,26,34.81,100,20,False,0,Operational,28.0,False,,False,,No issue,4,120,31,6,120,44,4,100,56,11,165,89,5,125,38,8.0,200,51,3,75,79,905,0,120,120,100,165,125,200.0,75,905.0,0.0,2025-06,False,False,False,False,False,False,False,False,0,,False,Normal,905,41
R000154,2025-06-03,2025-06,Tuesday,CDMX-VM-001,GenkiClean Vending 7x100L,CDMX,Efectivo,38,855,855,0,18,47.5,100,20,False,0,Operational,24.4,False,,False,,No issue,4,120,27,7,140,37,5,125,51,8,120,81,5,125,33,6.0,150,45,3,75,76,855,0,120,140,125,120,125,150.0,75,855.0,0.0,2025-06,False,False,False,False,False,False,False,False,0,,False,Normal,855,38
R000155,2025-06-04,2025-06,Wednesday,CDMX-VM-001,GenkiClean Vending 7x100L,CDMX,Efectivo,39,865,875,10,19,45.53,100,20,False,0,Operational,20.4,False,,False,,No issue,4,120,23,6,120,31,5,125,46,10,150,71,5,125,28,6.0,150,39,3,75,73,865,0,120,120,125,150,125,150.0,75,865.0,0.0,2025-06,False,False,False,False,False,False,False,False,0,,False,Normal,865,39
R000156,2025-06-05,2025-06,Thursday,CDMX-VM-001,GenkiClean Vending 7x100L,CDMX,Efectivo,38,860,870,10,29,29.66,100,20,False,0,Operational,23.9,False,,False,,No issue,4,120,19,8,160,23,4,100,42,7,105,64,6,150,94,5.0,125,34,4,100,69,860,0,120,160,100,105,150,125.0,100,860.0,0.0,2025-06,False,False,False,False,False,False,False,False,0,,False,Normal,860,38
R000157,2025-06-06,2025-06,Friday,CDMX-VM-001,GenkiClean Vending 7x100L,CDMX,Efectivo,46,995,1005,10,29,34.31,100,20,False,0,Operational,24.9,False,,False,,No issue,4,120,96,9,180,91,4,100,38,13,195,51,6,150,88,6.0,150,28,4,100,65,995,0,120,180,100,195,150,150.0,100,995.0,0.0,2025-06,False,False,False,False,False,False,False,False,0,,False,Normal,995,46
R000158,2025-06-07,2025-06,Saturday,CDMX-VM-001,GenkiClean Vending 7x100L,CDMX,Efectivo,43,970,970,0,19,51.05,100,20,False,0,Operational,17.7,True,,False,,No issue,5,150,91,8,160,83,5,125,33,9,135,42,5,125,83,8.0,200,20,3,75,62,970,0,150,160,125,135,125,200.0,75,970.0,0.0,2025-06,False,False,False,False,False,False,False,False,0,,False,Normal,970,43
R000159,2025-06-08,2025-06,Sunday,CDMX-VM-001,GenkiClean Vending 7x100L,CDMX,Efectivo,44,980,985,5,26,37.69,100,20,False,0,Operational,15.6,True,,False,,No issue,4,120,87,8,160,75,5,125,28,10,150,32,5,125,78,8.0,200,92,4,100,58,980,0,120,160,125,150,125,200.0,100,980.0,0.0,2025-06,False,False,False,False,False,False,False,False,0,,False,Normal,980,44
R000160,2025-06-09,2025-06,Monday,CDMX-VM-001,GenkiClean Vending 7x100L,CDMX,Efectivo,33,725,745,20,21,34.52,100,20,False,0,Operational,29.7,False,,False,,No issue,3,90,84,5,100,70,4,100,24,9,135,23,5,125,73,4.0,100,88,3,75,55,725,0,90,100,100,135,125,100.0,75,725.0,0.0,2025-06,False,False,False,False,False,False,False,False,0,,False,Normal,725,33
R000161,2025-06-10,2025-06,Tuesday,CDMX-VM-001,GenkiClean Vending 7x100L,CDMX,Efectivo,38,850,870,20,21,40.48,100,20,False,0,Operational,19.9,False,,False,,No issue,4,120,80,8,160,62,3,75,97,8,120,15,4,100,69,7.0,175,81,4,100,51,850,0,120,160,75,120,100,175.0,100,850.0,0.0,2025-06,False,False,False,False,False,False,False,False,0,,False,Normal,850,38
R000162,2025-06-11,2025-06,Wednesday,CDMX-VM-001,GenkiClean Vending 7x100L,CDMX,Efectivo,28,620,620,0,13,47.69,100,20,False,0,Operational,17.8,False,,False,,No issue,2,60,78,6,120,56,3,75,94,6,90,94,4,100,65,4.0,100,77,3,75,48,620,0,60,120,75,90,100,100.0,75,620.0,0.0,2025-06,False,False,False,False,False,False,False,False,0,,False,Normal,620,28
R000163,2025-06-12,2025-06,Thursday,CDMX-VM-001,GenkiClean Vending 7x100L,CDMX,Efectivo,28,620,670,50,12,51.67,100,20,False,0,Operational,16.5,False,,False,,No issue,3,90,75,7,140,49,3,75,91,6,90,88,3,75,62,4.0,100,73,2,50,46,620,0,90,140,75,90,75,100.0,50,620.0,0.0,2025-06,False,False,False,False,False,False,False,False,0,,False,Normal,620,28
R000164,2025-06-13,2025-06,Friday,CDMX-VM-001,GenkiClean Vending 7x100L,CDMX,Efectivo,29,630,635,5,15,42.0,100,20,False,0,Operational,21.3,False,,False,,No issue,3,90,72,6,120,43,3,75,88,8,120,80,4,100,58,3.0,75,70,2,50,44,630,0,90,120,75,120,100,75.0,50,630.0,0.0,2025-06,False,False,False,False,False,False,False,False,0,,False,Normal,630,29
R000165,2025-06-14,2025-06,Saturday,CDMX-VM-001,GenkiClean Vending 7x100L,CDMX,Efectivo,39,860,860,0,18,47.78,100,20,False,0,Operational,24.8,True,,False,,No issue,3,90,69,8,160,35,4,100,84,9,135,71,6,150,52,6.0,150,64,3,75,41,860,0,90,160,100,135,150,150.0,75,860.0,0.0,2025-06,False,False,False,False,False,False,False,False,0,,False,Normal,860,39
R000166,2025-06-15,2025-06,Sunday,CDMX-VM-001,GenkiClean Vending 7x100L,CDMX,Efectivo,45,1005,1015,10,23,43.7,100,20,False,0,Operational,29.3,True,,False,,No issue,4,120,65,8,160,27,6,150,78,10,150,61,6,150,46,7.0,175,57,4,100,37,1005,0,120,160,150,150,150,175.0,100,1005.0,0.0,2025-06,False,False,False,False,False,False,False,False,0,,False,Normal,1005,45
R000167,2025-06-16,2025-06,Monday,CDMX-VM-001,GenkiClean Vending 7x100L,CDMX,Efectivo,33,725,745,20,26,27.88,100,20,False,0,Operational,27.8,False,,False,,No issue,3,90,62,5,100,22,4,100,74,9,135,52,5,125,41,5.0,125,52,2,50,35,725,0,90,100,100,135,125,125.0,50,725.0,0.0,2025-06,False,False,False,False,False,False,False,False,0,,False,Normal,725,33
R000168,2025-06-17,2025-06,Tuesday,CDMX-VM-001,GenkiClean Vending 7x100L,CDMX,Efectivo,41,905,905,0,29,31.21,100,20,False,0,Operational,24.5,False,,False,,No issue,4,120,58,10,200,90,4,100,70,9,135,43,5,125,36,5.0,125,47,4,100,31,905,0,120,200,100,135,125,125.0,100,905.0,0.0,2025-06,False,False,False,False,False,False,False,False,0,,False,Normal,905,41
R000169,2025-06-18,2025-06,Wednesday,CDMX-VM-001,GenkiClean Vending 7x100L,CDMX,Efectivo,38,835,885,50,16,52.19,100,20,False,0,Operational,17.2,False,,False,,No issue,3,90,55,6,120,84,5,125,65,10,150,33,5,125,31,5.0,125,42,4,100,27,835,0,90,120,125,150,125,125.0,100,835.0,0.0,2025-06,False,False,False,False,False,False,False,False,0,,False,Normal,835,38
R000170,2025-06-19,2025-06,Thursday,CDMX-VM-001,GenkiClean Vending 7x100L,CDMX,Efectivo,36,785,785,0,25,31.4,100,20,False,0,Operational,28.8,False,,False,,No issue,3,90,52,8,160,76,4,100,61,9,135,24,4,100,27,4.0,100,38,4,100,96,785,0,90,160,100,135,100,100.0,100,785.0,0.0,2025-06,False,False,False,False,False,False,False,False,0,,False,Normal,785,36
R000171,2025-06-20,2025-06,Friday,CDMX-VM-001,GenkiClean Vending 7x100L,CDMX,Efectivo,28,620,640,20,19,32.63,100,20,False,0,Operational,13.3,False,,False,,No issue,3,90,49,7,140,69,2,50,59,6,90,18,4,100,96,4.0,100,34,2,50,94,620,0,90,140,50,90,100,100.0,50,620.0,0.0,2025-06,False,False,False,False,False,False,False,False,0,,False,Normal,620,28
R000172,2025-06-21,2025-06,Saturday,CDMX-VM-001,GenkiClean Vending 7x100L,CDMX,Efectivo,47,1045,1045,0,31,33.71,100,20,False,0,Operational,19.8,True,,False,,No issue,5,150,44,11,220,58,4,100,55,10,150,90,6,150,90,7.0,175,27,4,100,90,1045,0,150,220,100,150,150,175.0,100,1045.0,0.0,2025-06,False,False,False,False,False,False,False,False,0,,False,Normal,1045,47
R000173,2025-06-22,2025-06,Sunday,CDMX-VM-001,GenkiClean Vending 7x100L,CDMX,Efectivo,36,790,790,0,18,43.89,100,20,False,0,Operational,13.8,True,,False,,No issue,3,90,41,7,140,51,3,75,52,9,135,81,6,150,84,5.0,125,22,3,75,87,790,0,90,140,75,135,150,125.0,75,790.0,0.0,2025-06,False,False,False,False,False,False,False,False,0,,False,Normal,790,36
R000174,2025-06-23,2025-06,Monday,CDMX-VM-001,GenkiClean Vending 7x100L,CDMX,Efectivo,35,785,785,0,27,29.07,100,20,False,0,Operational,25.4,False,,False,,No issue,4,120,37,8,160,43,4,100,48,7,105,74,4,100,80,5.0,125,17,3,75,84,785,0,120,160,100,105,100,125.0,75,785.0,0.0,2025-06,False,False,False,False,False,False,False,False,0,,False,Normal,785,35
R000175,2025-06-24,2025-06,Tuesday,CDMX-VM-001,GenkiClean Vending 7x100L,CDMX,Efectivo,39,875,875,0,17,51.47,100,20,False,0,Operational,21.9,False,,False,,No issue,4,120,33,8,160,35,5,125,43,8,120,66,5,125,75,6.0,150,94,3,75,81,875,0,120,160,125,120,125,150.0,75,875.0,0.0,2025-06,False,False,False,False,False,False,False,False,0,,False,Normal,875,39
R000176,2025-06-25,2025-06,Wednesday,CDMX-VM-001,GenkiClean Vending 7x100L,CDMX,Efectivo,33,720,725,5,20,36.0,100,20,False,0,Operational,28.2,False,,False,,No issue,3,90,30,6,120,29,3,75,40,9,135,57,4,100,71,5.0,125,89,3,75,78,720,0,90,120,75,135,100,125.0,75,720.0,0.0,2025-06,False,False,False,False,False,False,False,False,0,,False,Normal,720,33
R000177,2025-06-26,2025-06,Thursday,CDMX-VM-001,GenkiClean Vending 7x100L,CDMX,Efectivo,27,600,620,20,19,31.58,100,20,False,0,Operational,24.8,False,,False,,No issue,2,60,28,5,100,24,3,75,37,6,90,51,4,100,67,5.0,125,84,2,50,76,600,0,60,100,75,90,100,125.0,50,600.0,0.0,2025-06,False,False,False,False,False,False,False,False,0,,False,Normal,600,27
R000178,2025-06-27,2025-06,Friday,CDMX-VM-001,GenkiClean Vending 7x100L,CDMX,Efectivo,46,1000,1010,10,20,50.0,100,20,False,0,Operational,28.4,False,,False,,No issue,4,120,24,8,160,16,6,150,31,13,195,38,5,125,62,6.0,150,78,4,100,72,1000,0,120,160,150,195,125,150.0,100,1000.0,0.0,2025-06,False,False,False,False,False,False,False,False,0,,False,Normal,1000,46
R000179,2025-06-28,2025-06,Saturday,CDMX-VM-001,GenkiClean Vending 7x100L,CDMX,Efectivo,40,905,905,0,27,33.52,100,20,False,0,Operational,21.1,True,,False,,No issue,5,150,19,8,160,92,4,100,27,8,120,30,5,125,57,6.0,150,72,4,100,68,905,0,150,160,100,120,125,150.0,100,905.0,0.0,2025-06,False,False,False,False,False,False,False,False,0,,False,Normal,905,40
R000180,2025-06-29,2025-06,Sunday,CDMX-VM-001,GenkiClean Vending 7x100L,CDMX,Efectivo,46,1030,1080,50,37,27.84,100,20,False,0,Operational,17.1,True,,False,,No issue,5,150,95,7,140,85,5,125,22,11,165,19,6,150,51,9.0,225,63,3,75,65,1030,0,150,140,125,165,150,225.0,75,1030.0,0.0,2025-06,False,False,False,False,False,False,False,False,0,,False,Normal,1030,46
R000181,2025-06-30,2025-06,Monday,CDMX-VM-001,GenkiClean Vending 7x100L,CDMX,Efectivo,37,810,815,5,20,40.5,100,20,False,0,Operational,29.6,False,,False,,No issue,3,90,92,6,120,79,5,125,17,10,150,90,5,125,46,5.0,125,58,3,75,62,810,0,90,120,125,150,125,125.0,75,810.0,0.0,2025-06,False,False,False,False,False,False,False,False,0,,False,Normal,810,37
R000182,2025-07-01,2025-07,Tuesday,CDMX-VM-001,GenkiClean Vending 7x100L,CDMX,Efectivo,30,660,680,20,18,36.67,100,20,False,0,Operational,21.7,False,,False,,No issue,3,90,89,5,100,74,3,75,97,8,120,82,4,100,42,4.0,100,54,3,75,59,660,0,90,100,75,120,100,100.0,75,660.0,0.0,2025-07,False,False,False,False,False,False,False,False,0,,False,Normal,660,30
R000183,2025-07-02,2025-07,Wednesday,CDMX-VM-001,GenkiClean Vending 7x100L,CDMX,Efectivo,39,870,870,0,21,41.43,100,20,False,0,Operational,21.9,False,,False,,No issue,4,120,85,7,140,67,5,125,92,9,135,73,5,125,37,5.0,125,49,4,100,55,870,0,120,140,125,135,125,125.0,100,870.0,0.0,2025-07,False,False,False,False,False,False,False,False,0,,False,Normal,870,39
R000184,2025-07-03,2025-07,Thursday,CDMX-VM-001,GenkiClean Vending 7x100L,CDMX,Efectivo,31,695,705,10,14,49.64,100,20,False,0,Operational,14.6,False,,False,,No issue,3,90,82,5,100,62,4,100,88,7,105,66,4,100,33,5.0,125,44,3,75,52,695,0,90,100,100,105,100,125.0,75,695.0,0.0,2025-07,False,False,False,False,False,False,False,False,0,,False,Normal,695,31
R000185,2025-07-04,2025-07,Friday,CDMX-VM-001,GenkiClean Vending 7x100L,CDMX,Efectivo,38,860,880,20,27,31.85,100,20,False,0,Operational,28.3,False,,False,,No issue,4,120,78,8,160,54,4,100,84,7,105,59,6,150,27,5.0,125,39,4,100,48,860,0,120,160,100,105,150,125.0,100,860.0,0.0,2025-07,False,False,False,False,False,False,False,False,0,,False,Normal,860,38
R000186,2025-07-05,2025-07,Saturday,CDMX-VM-001,GenkiClean Vending 7x100L,CDMX,Efectivo,43,955,955,0,30,31.83,100,20,False,0,Operational,26.3,True,,False,,No issue,3,90,75,9,180,45,4,100,80,9,135,50,6,150,21,8.0,200,31,4,100,44,955,0,90,180,100,135,150,200.0,100,955.0,0.0,2025-07,False,False,False,False,False,False,False,False,0,,False,Normal,955,43
R000187,2025-07-06,2025-07,Sunday,CDMX-VM-001,GenkiClean Vending 7x100L,CDMX,Efectivo,41,915,915,0,17,53.82,100,20,False,0,Operational,20.9,True,,False,,No issue,4,120,71,8,160,37,5,125,75,9,135,41,5,125,95,6.0,150,25,4,100,40,915,0,120,160,125,135,125,150.0,100,915.0,0.0,2025-07,False,False,False,False,False,False,False,False,0,,False,Normal,915,41
R000188,2025-07-07,2025-07,Monday,CDMX-VM-001,GenkiClean Vending 7x100L,CDMX,Efectivo,36,790,790,0,30,26.33,100,20,False,0,Operational,24.3,False,,False,,No issue,4,120,67,8,160,29,4,100,71,9,135,32,4,100,91,4.0,100,21,3,75,37,790,0,120,160,100,135,100,100.0,75,790.0,0.0,2025-07,False,False,False,False,False,False,False,False,0,,False,Normal,790,36
R000189,2025-07-08,2025-07,Tuesday,CDMX-VM-001,GenkiClean Vending 7x100L,CDMX,Efectivo,41,920,930,10,20,46.0,100,20,False,0,Operational,20.4,False,,False,,No issue,5,150,62,8,160,21,4,100,67,9,135,23,6,150,85,6.0,150,94,3,75,34,920,0,150,160,100,135,150,150.0,75,920.0,0.0,2025-07,False,False,False,False,False,False,False,False,0,,False,Normal,920,41
R000190,2025-07-09,2025-07,Wednesday,CDMX-VM-001,GenkiClean Vending 7x100L,CDMX,Efectivo,39,890,890,0,18,49.44,100,20,False,0,Operational,19.1,False,,False,,No issue,4,120,58,7,140,93,4,100,63,7,105,16,6,150,79,7.0,175,87,4,100,30,890,0,120,140,100,105,150,175.0,100,890.0,0.0,2025-07,False,False,False,False,False,False,False,False,0,,False,Normal,890,39
R000191,2025-07-10,2025-07,Thursday,CDMX-VM-001,GenkiClean Vending 7x100L,CDMX,Efectivo,36,795,795,0,23,34.57,100,20,False,0,Operational,12.3,False,,False,,No issue,3,90,55,8,160,85,4,100,59,8,120,92,5,125,74,5.0,125,82,3,75,27,795,0,90,160,100,120,125,125.0,75,795.0,0.0,2025-07,False,False,False,False,False,False,False,False,0,,False,Normal,795,36
R000192,2025-07-11,2025-07,Friday,CDMX-VM-001,GenkiClean Vending 7x100L,CDMX,Efectivo,38,825,845,20,16,51.56,100,20,False,0,Operational,28.6,False,,False,,No issue,4,120,51,9,180,76,3,75,56,10,150,82,3,75,71,6.0,150,76,3,75,24,825,0,120,180,75,150,75,150.0,75,825.0,0.0,2025-07,False,False,False,False,False,False,False,False,0,,False,Normal,825,38
R000193,2025-07-12,2025-07,Saturday,CDMX-VM-001,GenkiClean Vending 7x100L,CDMX,Efectivo,48,1065,1065,0,31,34.35,100,20,False,0,Operational,24.0,True,,False,,No issue,5,150,46,8,160,68,6,150,50,12,180,70,6,150,65,8.0,200,68,3,75,97,1065,0,150,160,150,180,150,200.0,75,1065.0,0.0,2025-07,False,False,False,False,False,False,False,False,0,,False,Normal,1065,48
R000194,2025-07-13,2025-07,Sunday,CDMX-VM-001,GenkiClean Vending 7x100L,CDMX,Efectivo,46,1000,1000,0,21,47.62,100,20,False,0,Operational,23.6,True,,False,,No issue,4,120,42,8,160,60,5,125,45,13,195,57,5,125,60,8.0,200,60,3,75,94,1000,0,120,160,125,195,125,200.0,75,1000.0,0.0,2025-07,False,False,False,False,False,False,False,False,0,,False,Normal,1000,46
R000195,2025-07-14,2025-07,Monday,CDMX-VM-001,GenkiClean Vending 7x100L,CDMX,Efectivo,42,930,930,0,17,54.71,100,20,False,0,Operational,16.7,False,,False,,No issue,4,120,38,8,160,52,4,100,41,10,150,47,5,125,55,6.0,150,54,5,125,89,930,0,120,160,100,150,125,150.0,125,930.0,0.0,2025-07,False,False,False,False,False,False,False,False,0,,False,Normal,930,42
R000196,2025-07-15,2025-07,Tuesday,CDMX-VM-001,GenkiClean Vending 7x100L,CDMX,Efectivo,36,810,820,10,25,32.4,100,20,False,0,Operational,26.3,False,,False,,No issue,4,120,34,8,160,44,3,75,38,7,105,40,5,125,50,6.0,150,48,3,75,86,810,0,120,160,75,105,125,150.0,75,810.0,0.0,2025-07,False,False,False,False,False,False,False,False,0,,False,Normal,810,36
R000197,2025-07-16,2025-07,Wednesday,CDMX-VM-001,GenkiClean Vending 7x100L,CDMX,Efectivo,30,665,675,10,25,26.6,100,20,False,0,Operational,24.4,False,,False,,No issue,3,90,31,6,120,38,3,75,35,7,105,33,4,100,46,4.0,100,44,3,75,83,665,0,90,120,75,105,100,100.0,75,665.0,0.0,2025-07,False,False,False,False,False,False,False,False,0,,False,Normal,665,30
R000198,2025-07-17,2025-07,Thursday,CDMX-VM-001,GenkiClean Vending 7x100L,CDMX,Efectivo,39,860,860,0,18,47.78,100,20,False,0,Operational,20.6,False,,False,,No issue,4,120,27,7,140,31,5,125,30,10,150,23,4,100,42,6.0,150,38,3,75,80,860,0,120,140,125,150,100,150.0,75,860.0,0.0,2025-07,False,False,False,False,False,False,False,False,0,,False,Normal,860,39
R000199,2025-07-18,2025-07,Friday,CDMX-VM-001,GenkiClean Vending 7x100L,CDMX,Efectivo,45,995,995,0,20,49.75,100,20,False,0,Operational,29.7,False,,False,,No issue,5,150,22,9,180,22,5,125,25,11,165,89,5,125,37,6.0,150,32,4,100,76,995,0,150,180,125,165,125,150.0,100,995.0,0.0,2025-07,False,False,False,False,False,False,False,False,0,,False,Normal,995,45
R000200,2025-07-19,2025-07,Saturday,CDMX-VM-001,GenkiClean Vending 7x100L,CDMX,Efectivo,46,1015,1035,20,24,42.29,100,20,False,0,Operational,26.0,True,,False,,No issue,5,150,95,10,200,90,5,125,95,11,165,78,5,125,32,6.0,150,26,4,100,72,1015,0,150,200,125,165,125,150.0,100,1015.0,0.0,2025-07,False,False,False,False,False,False,False,False,0,,False,Normal,1015,46
R000201,2025-07-20,2025-07,Sunday,CDMX-VM-001,GenkiClean Vending 7x100L,CDMX,Efectivo,35,765,785,20,19,40.26,100,20,False,0,Operational,17.4,True,,False,,No issue,3,90,92,9,180,81,4,100,91,8,120,70,4,100,28,4.0,100,22,3,75,69,765,0,90,180,100,120,100,100.0,75,765.0,0.0,2025-07,False,False,False,False,False,False,False,False,0,,False,Normal,765,35
R000202,2025-07-21,2025-07,Monday,CDMX-VM-001,GenkiClean Vending 7x100L,CDMX,Efectivo,42,910,915,5,17,53.53,100,20,False,0,Operational,14.4,False,,False,,No issue,3,90,89,9,180,72,4,100,87,11,165,59,5,125,23,6.0,150,94,4,100,65,910,0,90,180,100,165,125,150.0,100,910.0,0.0,2025-07,False,False,False,False,False,False,False,False,0,,False,Normal,910,42
R000203,2025-07-22,2025-07,Tuesday,CDMX-VM-001,GenkiClean Vending 7x100L,CDMX,Efectivo,32,715,715,0,26,27.5,100,20,False,0,Operational,20.5,False,,False,,No issue,3,90,86,6,120,66,3,75,84,7,105,52,5,125,18,5.0,125,89,3,75,62,715,0,90,120,75,105,125,125.0,75,715.0,0.0,2025-07,False,False,False,False,False,False,False,False,0,,False,Normal,715,32
R000204,2025-07-23,2025-07,Wednesday,CDMX-VM-001,GenkiClean Vending 7x100L,CDMX,Efectivo,36,790,840,50,29,27.24,100,20,False,0,Operational,26.3,False,,False,,No issue,3,90,83,7,140,59,3,75,81,9,135,43,5,125,95,5.0,125,84,4,100,58,790,0,90,140,75,135,125,125.0,100,790.0,0.0,2025-07,False,False,False,False,False,False,False,False,0,,False,Normal,790,36
R000205,2025-07-24,2025-07,Thursday,CDMX-VM-001,GenkiClean Vending 7x100L,CDMX,Efectivo,38,840,890,50,22,38.18,100,20,False,0,Operational,27.6,False,,False,,No issue,3,90,80,7,140,52,4,100,77,9,135,34,5,125,90,7.0,175,77,3,75,55,840,0,90,140,100,135,125,175.0,75,840.0,0.0,2025-07,False,False,False,False,False,False,False,False,0,,False,Normal,840,38
R000206,2025-07-25,2025-07,Friday,CDMX-VM-001,GenkiClean Vending 7x100L,CDMX,Efectivo,35,765,765,0,24,31.88,100,20,False,0,Operational,15.9,False,,False,,No issue,3,90,77,7,140,45,3,75,74,9,135,25,4,100,86,6.0,150,71,3,75,52,765,0,90,140,75,135,100,150.0,75,765.0,0.0,2025-07,False,False,False,False,False,False,False,False,0,,False,Normal,765,35
R000207,2025-07-26,2025-07,Saturday,CDMX-VM-001,GenkiClean Vending 7x100L,CDMX,Efectivo,46,1020,1020,0,25,40.8,100,20,False,0,Operational,16.5,True,,False,,No issue,4,120,73,10,200,35,5,125,69,10,150,15,7,175,79,6.0,150,65,4,100,48,1020,0,120,200,125,150,175,150.0,100,1020.0,0.0,2025-07,False,False,False,False,False,False,False,False,0,,False,Normal,1020,46
R000208,2025-07-27,2025-07,Sunday,CDMX-VM-001,GenkiClean Vending 7x100L,CDMX,Efectivo,46,1010,1020,10,28,36.07,100,20,False,0,Operational,23.5,True,,False,,No issue,4,120,69,10,200,25,4,100,65,11,165,89,5,125,74,7.0,175,58,5,125,43,1010,0,120,200,100,165,125,175.0,125,1010.0,0.0,2025-07,False,False,False,False,False,False,False,False,0,,False,Normal,1010,46
R000209,2025-07-28,2025-07,Monday,CDMX-VM-001,GenkiClean Vending 7x100L,CDMX,Efectivo,41,895,895,0,31,28.87,100,20,False,0,Operational,14.9,False,,False,,No issue,3,90,66,9,180,16,4,100,61,10,150,79,5,125,69,6.0,150,52,4,100,39,895,0,90,180,100,150,125,150.0,100,895.0,0.0,2025-07,False,False,False,False,False,False,False,False,0,,False,Normal,895,41
R000210,2025-07-29,2025-07,Tuesday,CDMX-VM-001,GenkiClean Vending 7x100L,CDMX,Efectivo,38,840,890,50,16,52.5,100,20,False,0,Operational,28.3,False,,False,,No issue,4,120,62,6,120,94,4,100,57,10,150,69,5,125,64,5.0,125,47,4,100,35,840,0,120,120,100,150,125,125.0,100,840.0,0.0,2025-07,False,False,False,False,False,False,False,False,0,,False,Normal,840,38
R000211,2025-07-30,2025-07,Wednesday,CDMX-VM-001,GenkiClean Vending 7x100L,CDMX,Efectivo,35,785,785,0,19,41.32,100,20,False,0,Operational,29.8,False,,False,,No issue,4,120,58,8,160,86,3,75,54,7,105,62,5,125,59,5.0,125,42,3,75,32,785,0,120,160,75,105,125,125.0,75,785.0,0.0,2025-07,False,False,False,False,False,False,False,False,0,,False,Normal,785,35
R000212,2025-07-31,2025-07,Thursday,CDMX-VM-001,GenkiClean Vending 7x100L,CDMX,Efectivo,40,885,885,0,20,44.25,100,20,False,0,Operational,27.3,False,,False,,No issue,3,90,55,8,160,78,5,125,49,9,135,53,6,150,53,5.0,125,37,4,100,28,885,0,90,160,125,135,150,125.0,100,885.0,0.0,2025-07,False,False,False,False,False,False,False,False,0,,False,Normal,885,40
R000213,2025-08-01,2025-08,Friday,CDMX-VM-001,GenkiClean Vending 7x100L,CDMX,Efectivo,33,755,755,0,16,47.19,100,20,False,0,Operational,15.4,False,,False,,No issue,4,120,51,6,120,72,4,100,45,6,90,47,5,125,48,5.0,125,32,3,75,25,755,0,120,120,100,90,125,125.0,75,755.0,0.0,2025-08,False,False,False,False,False,False,False,False,0,,False,Normal,755,33
R000214,2025-08-02,2025-08,Saturday,CDMX-VM-001,GenkiClean Vending 7x100L,CDMX,Efectivo,41,905,925,20,20,45.25,100,20,False,0,Operational,19.0,True,,False,,No issue,4,120,47,8,160,64,5,125,40,10,150,37,4,100,44,7.0,175,25,3,75,22,905,0,120,160,125,150,100,175.0,75,905.0,0.0,2025-08,False,False,False,False,False,False,False,False,0,,False,Normal,905,41
R000215,2025-08-03,2025-08,Sunday,CDMX-VM-001,GenkiClean Vending 7x100L,CDMX,Efectivo,51,1110,1110,0,39,28.46,100,20,False,0,Operational,17.1,True,,False,,No issue,3,90,44,12,240,52,6,150,34,12,180,25,7,175,37,7.0,175,93,4,100,18,1110,0,90,240,150,180,175,175.0,100,1110.0,0.0,2025-08,False,False,False,False,True,False,False,False,1,,False,Normal,1110,51
R000216,2025-08-04,2025-08,Monday,CDMX-VM-001,GenkiClean Vending 7x100L,CDMX,Efectivo,32,720,720,0,22,32.73,100,20,False,0,Operational,19.6,False,,False,,No issue,3,90,41,5,100,47,4,100,30,7,105,93,5,125,32,5.0,125,88,3,75,97,720,0,90,100,100,105,125,125.0,75,720.0,0.0,2025-08,False,False,False,False,False,False,False,False,0,,False,Normal,720,32
R000217,2025-08-05,2025-08,Tuesday,CDMX-VM-001,GenkiClean Vending 7x100L,CDMX,Efectivo,29,645,695,50,13,49.62,100,20,False,0,Operational,28.0,False,,False,,No issue,3,90,38,5,100,42,3,75,27,7,105,86,4,100,28,4.0,100,84,3,75,94,645,0,90,100,75,105,100,100.0,75,645.0,0.0,2025-08,False,False,False,False,False,False,False,False,0,,False,Normal,645,29
R000218,2025-08-06,2025-08,Wednesday,CDMX-VM-001,GenkiClean Vending 7x100L,CDMX,Efectivo,43,950,960,10,29,32.76,100,20,False,0,Operational,29.2,False,,False,,No issue,5,150,33,8,160,34,4,100,96,11,165,75,4,100,24,7.0,175,77,4,100,90,950,0,150,160,100,165,100,175.0,100,950.0,0.0,2025-08,False,False,False,False,False,False,False,False,0,,False,Normal,950,43
R000219,2025-08-07,2025-08,Thursday,CDMX-VM-001,GenkiClean Vending 7x100L,CDMX,Efectivo,32,710,730,20,23,30.87,100,20,False,0,Operational,23.0,False,,False,,No issue,4,120,29,6,120,28,3,75,93,8,120,67,3,75,21,5.0,125,72,3,75,87,710,0,120,120,75,120,75,125.0,75,710.0,0.0,2025-08,False,False,False,False,False,False,False,False,0,,False,Normal,710,32
R000220,2025-08-08,2025-08,Friday,CDMX-VM-001,GenkiClean Vending 7x100L,CDMX,Efectivo,40,895,895,0,30,29.83,100,20,False,0,Operational,24.6,False,,False,,No issue,4,120,25,7,140,21,5,125,88,9,135,58,5,125,95,7.0,175,65,3,75,84,895,0,120,140,125,135,125,175.0,75,895.0,0.0,2025-08,False,False,False,False,False,False,False,False,0,,False,Normal,895,40
R000221,2025-08-09,2025-08,Saturday,CDMX-VM-001,GenkiClean Vending 7x100L,CDMX,Efectivo,44,965,965,0,18,53.61,100,20,False,0,Operational,16.2,True,,False,,No issue,4,120,21,7,140,93,4,100,84,12,180,46,6,150,89,8.0,200,57,3,75,81,965,0,120,140,100,180,150,200.0,75,965.0,0.0,2025-08,False,False,False,False,False,False,False,False,0,,False,Normal,965,44
R000222,2025-08-10,2025-08,Sunday,CDMX-VM-001,GenkiClean Vending 7x100L,CDMX,Efectivo,49,1095,1145,50,24,45.62,100,20,False,0,Operational,19.1,True,,False,,No issue,5,150,95,11,220,82,5,125,79,10,150,36,5,125,84,8.0,200,49,5,125,76,1095,0,150,220,125,150,125,200.0,125,1095.0,0.0,2025-08,False,False,False,False,False,False,False,False,0,,False,Normal,1095,49
R000223,2025-08-11,2025-08,Monday,CDMX-VM-001,GenkiClean Vending 7x100L,CDMX,Efectivo,43,940,945,5,18,52.22,100,20,False,0,Operational,16.3,False,,False,,No issue,5,150,90,10,200,72,4,100,75,11,165,25,5,125,79,5.0,125,44,3,75,73,940,0,150,200,100,165,125,125.0,75,940.0,0.0,2025-08,False,False,False,False,False,False,False,False,0,,False,Normal,940,43
R000224,2025-08-12,2025-08,Tuesday,CDMX-VM-001,GenkiClean Vending 7x100L,CDMX,Efectivo,31,670,680,10,14,47.86,100,20,False,0,Operational,28.3,False,,False,,No issue,2,60,88,5,100,67,3,75,72,9,135,91,3,75,76,6.0,150,38,3,75,70,670,0,60,100,75,135,75,150.0,75,670.0,0.0,2025-08,False,False,False,False,False,False,False,False,0,,False,Normal,670,31
R000225,2025-08-13,2025-08,Wednesday,CDMX-VM-001,GenkiClean Vending 7x100L,CDMX,Efectivo,35,770,770,0,25,30.8,100,20,False,0,Operational,16.9,False,,False,,No issue,3,90,85,8,160,59,3,75,69,8,120,83,4,100,72,6.0,150,32,3,75,67,770,0,90,160,75,120,100,150.0,75,770.0,0.0,2025-08,False,False,False,False,False,False,False,False,0,,False,Normal,770,35
R000226,2025-08-14,2025-08,Thursday,CDMX-VM-001,GenkiClean Vending 7x100L,CDMX,Efectivo,39,855,865,10,17,50.29,100,20,False,0,Operational,23.9,False,,False,,No issue,4,120,81,8,160,51,4,100,65,10,150,73,5,125,67,5.0,125,27,3,75,64,855,0,120,160,100,150,125,125.0,75,855.0,0.0,2025-08,False,False,False,False,False,False,False,False,0,,False,Normal,855,39
R000227,2025-08-15,2025-08,Friday,CDMX-VM-001,GenkiClean Vending 7x100L,CDMX,Efectivo,45,1010,1010,0,34,29.71,100,20,False,0,Operational,15.6,False,,False,,No issue,5,150,76,10,200,41,5,125,60,9,135,64,5,125,62,8.0,200,19,3,75,61,1010,0,150,200,125,135,125,200.0,75,1010.0,0.0,2025-08,False,False,False,False,False,False,False,False,0,,False,Normal,1010,45
R000228,2025-08-16,2025-08,Saturday,CDMX-VM-001,GenkiClean Vending 7x100L,CDMX,Efectivo,35,785,835,50,18,43.61,100,20,False,0,Operational,18.9,True,,False,,No issue,4,120,72,6,120,35,4,100,56,8,120,56,4,100,58,6.0,150,94,3,75,58,785,0,120,120,100,120,100,150.0,75,785.0,0.0,2025-08,False,False,False,False,False,False,False,False,0,,False,Normal,785,35
R000229,2025-08-17,2025-08,Sunday,CDMX-VM-001,GenkiClean Vending 7x100L,CDMX,Efectivo,47,1050,1050,0,22,47.73,100,20,False,0,Operational,25.5,True,,False,,No issue,4,120,68,11,220,24,6,150,50,9,135,47,6,150,52,7.0,175,87,4,100,54,1050,0,120,220,150,135,150,175.0,100,1050.0,0.0,2025-08,False,False,False,False,False,False,False,False,0,,False,Normal,1050,47
R000230,2025-08-18,2025-08,Monday,CDMX-VM-001,GenkiClean Vending 7x100L,CDMX,Efectivo,41,925,975,50,21,44.05,100,20,False,0,Operational,24.0,False,,False,,No issue,5,150,63,9,180,15,3,75,47,8,120,39,5,125,47,7.0,175,80,4,100,50,925,0,150,180,75,120,125,175.0,100,925.0,0.0,2025-08,False,False,False,False,False,False,False,False,0,,False,Normal,925,41
R000231,2025-08-19,2025-08,Tuesday,CDMX-VM-001,GenkiClean Vending 7x100L,CDMX,Efectivo,35,790,840,50,24,32.92,100,20,False,0,Operational,28.9,False,,False,,No issue,3,90,60,6,120,94,5,125,42,7,105,32,5,125,42,6.0,150,74,3,75,47,790,0,90,120,125,105,125,150.0,75,790.0,0.0,2025-08,False,False,False,False,False,False,False,False,0,,False,Normal,790,35
R000232,2025-08-20,2025-08,Wednesday,CDMX-VM-001,GenkiClean Vending 7x100L,CDMX,Efectivo,42,920,920,0,26,35.38,100,20,False,0,Operational,30.4,False,,False,,No issue,4,120,56,10,200,84,4,100,38,10,150,22,6,150,36,5.0,125,69,3,75,44,920,0,120,200,100,150,150,125.0,75,920.0,0.0,2025-08,False,False,False,False,False,False,False,False,0,,False,Normal,920,42
R000233,2025-08-21,2025-08,Thursday,CDMX-VM-001,GenkiClean Vending 7x100L,CDMX,Efectivo,37,810,810,0,28,28.93,100,20,False,0,Operational,16.7,False,,False,,No issue,4,120,52,7,140,77,3,75,35,10,150,90,5,125,31,4.0,100,65,4,100,40,810,0,120,140,75,150,125,100.0,100,810.0,0.0,2025-08,False,False,False,False,False,False,False,False,0,,False,Normal,810,37
R000234,2025-08-22,2025-08,Friday,CDMX-VM-001,GenkiClean Vending 7x100L,CDMX,Efectivo,36,800,850,50,18,44.44,100,20,False,0,Operational,17.6,False,,False,,No issue,4,120,48,6,120,71,4,100,31,9,135,81,5,125,26,5.0,125,60,3,75,37,800,0,120,120,100,135,125,125.0,75,800.0,0.0,2025-08,False,False,False,False,False,False,False,False,0,,False,Normal,800,36
R000235,2025-08-23,2025-08,Saturday,CDMX-VM-001,GenkiClean Vending 7x100L,CDMX,Efectivo,47,1055,1055,0,19,55.53,100,20,False,0,Operational,19.8,True,,False,,No issue,5,150,43,9,180,62,5,125,26,10,150,71,6,150,20,8.0,200,52,4,100,33,1055,0,150,180,125,150,150,200.0,100,1055.0,0.0,2025-08,False,False,False,False,False,False,False,False,0,,False,Normal,1055,47
R000236,2025-08-24,2025-08,Sunday,CDMX-VM-001,GenkiClean Vending 7x100L,CDMX,Efectivo,47,1035,1035,0,23,45.0,100,20,False,0,Operational,16.2,True,,False,,No issue,5,150,38,9,180,53,5,125,95,12,180,59,6,150,94,6.0,150,46,4,100,29,1035,0,150,180,125,180,150,150.0,100,1035.0,0.0,2025-08,False,False,False,False,False,False,False,False,0,,False,Normal,1035,47
R000237,2025-08-25,2025-08,Monday,CDMX-VM-001,GenkiClean Vending 7x100L,CDMX,Efectivo,42,920,920,0,24,38.33,100,20,False,0,Operational,22.9,False,,False,,No issue,4,120,34,8,160,45,5,125,90,11,165,48,4,100,90,6.0,150,40,4,100,25,920,0,120,160,125,165,100,150.0,100,920.0,0.0,2025-08,False,False,False,False,False,False,False,False,0,,False,Normal,920,42
R000238,2025-08-26,2025-08,Tuesday,CDMX-VM-001,GenkiClean Vending 7x100L,CDMX,Efectivo,40,885,905,20,17,52.06,100,20,False,0,Operational,16.2,False,,False,,No issue,3,90,31,10,200,35,4,100,86,8,120,40,4,100,86,7.0,175,33,4,100,21,885,0,90,200,100,120,100,175.0,100,885.0,0.0,2025-08,False,False,False,False,False,False,False,False,0,,False,Normal,885,40
R000239,2025-08-27,2025-08,Wednesday,CDMX-VM-001,GenkiClean Vending 7x100L,CDMX,Efectivo,34,770,820,50,21,36.67,100,20,False,0,Operational,19.5,False,,False,,No issue,4,120,27,8,160,27,4,100,82,6,90,34,5,125,81,4.0,100,29,3,75,97,770,0,120,160,100,90,125,100.0,75,770.0,0.0,2025-08,False,False,False,False,False,False,False,False,0,,False,Normal,770,34
R000240,2025-08-28,2025-08,Thursday,CDMX-VM-001,GenkiClean Vending 7x100L,CDMX,Efectivo,32,710,715,5,15,47.33,100,20,False,0,Operational,22.8,False,,False,,No issue,4,120,23,6,120,21,3,75,79,8,120,26,4,100,77,5.0,125,24,2,50,95,710,0,120,120,75,120,100,125.0,50,710.0,0.0,2025-08,False,False,False,False,False,False,False,False,0,,False,Normal,710,32
R000241,2025-08-29,2025-08,Friday,CDMX-VM-001,GenkiClean Vending 7x100L,CDMX,Efectivo,41,895,895,0,18,49.72,100,20,False,0,Operational,14.2,False,,False,,No issue,3,90,97,7,140,93,4,100,75,11,165,15,5,125,72,7.0,175,17,4,100,91,895,0,90,140,100,165,125,175.0,100,895.0,0.0,2025-08,False,False,False,False,False,False,False,False,0,,False,Normal,895,41
R000242,2025-08-30,2025-08,Saturday,CDMX-VM-001,GenkiClean Vending 7x100L,CDMX,Efectivo,38,850,870,20,24,35.42,100,20,False,0,Operational,26.4,True,,False,,No issue,4,120,93,8,160,85,4,100,71,8,120,92,5,125,67,5.0,125,95,4,100,87,850,0,120,160,100,120,125,125.0,100,850.0,0.0,2025-08,False,False,False,False,False,False,False,False,0,,False,Normal,850,38
R000243,2025-08-31,2025-08,Sunday,CDMX-VM-001,GenkiClean Vending 7x100L,CDMX,Efectivo,50,1115,1125,10,20,55.75,100,20,False,0,Operational,21.0,True,,False,,No issue,5,150,88,10,200,75,5,125,66,11,165,81,7,175,60,7.0,175,88,5,125,82,1115,0,150,200,125,165,175,175.0,125,1115.0,0.0,2025-08,False,False,False,False,False,False,False,False,0,,False,Normal,1115,50
R000244,2025-09-01,2025-09,Monday,CDMX-VM-001,GenkiClean Vending 7x100L,CDMX,Efectivo,34,755,775,20,26,29.04,100,20,False,0,Operational,17.2,False,,False,,No issue,4,120,84,7,140,68,4,100,62,8,120,73,3,75,57,5.0,125,83,3,75,79,755,0,120,140,100,120,75,125.0,75,755.0,0.0,2025-09,False,False,False,False,False,False,False,False,0,,False,Normal,755,34
R000245,2025-09-02,2025-09,Tuesday,CDMX-VM-001,GenkiClean Vending 7x100L,CDMX,Efectivo,41,920,925,5,29,31.72,100,20,False,0,Operational,19.0,False,,False,,No issue,4,120,80,7,140,61,4,100,58,9,135,64,7,175,50,6.0,150,77,4,100,75,920,0,120,140,100,135,175,150.0,100,920.0,0.0,2025-09,False,False,False,False,False,False,False,False,0,,False,Normal,920,41
R000246,2025-09-03,2025-09,Wednesday,CDMX-VM-001,GenkiClean Vending 7x100L,CDMX,Efectivo,40,885,890,5,23,38.48,100,20,False,0,Operational,15.9,False,,False,,No issue,4,120,76,7,140,54,3,75,55,10,150,54,5,125,45,8.0,200,69,3,75,72,885,0,120,140,75,150,125,200.0,75,885.0,0.0,2025-09,False,False,False,False,False,False,False,False,0,,False,Normal,885,40
R000247,2025-09-04,2025-09,Thursday,CDMX-VM-001,GenkiClean Vending 7x100L,CDMX,Efectivo,28,605,605,0,17,35.59,100,20,False,0,Operational,14.7,False,,False,,No issue,2,60,74,7,140,47,2,50,53,7,105,47,4,100,41,4.0,100,65,2,50,70,605,0,60,140,50,105,100,100.0,50,605.0,0.0,2025-09,False,False,False,False,False,False,False,False,0,,False,Normal,605,28
R000248,2025-09-05,2025-09,Friday,CDMX-VM-001,GenkiClean Vending 7x100L,CDMX,Efectivo,38,825,830,5,17,48.53,100,20,False,0,Operational,14.2,False,,False,,No issue,3,90,71,8,160,39,3,75,50,10,150,37,5,125,36,6.0,150,59,3,75,67,825,0,90,160,75,150,125,150.0,75,825.0,0.0,2025-09,False,False,False,False,False,False,False,False,0,,False,Normal,825,38
R000249,2025-09-06,2025-09,Saturday,CDMX-VM-001,GenkiClean Vending 7x100L,CDMX,Efectivo,39,865,865,0,18,48.06,100,20,False,0,Operational,21.8,True,,False,,No issue,3,90,68,9,180,30,4,100,46,8,120,29,6,150,30,6.0,150,53,3,75,64,865,0,90,180,100,120,150,150.0,75,865.0,0.0,2025-09,False,False,False,False,False,False,False,False,0,,False,Normal,865,39
R000250,2025-09-07,2025-09,Sunday,CDMX-VM-001,GenkiClean Vending 7x100L,CDMX,Efectivo,45,975,980,5,22,44.32,100,20,False,0,Operational,18.3,True,,False,,No issue,4,120,64,10,200,20,4,100,42,12,180,17,5,125,25,6.0,150,47,4,100,60,975,0,120,200,100,180,125,150.0,100,975.0,0.0,2025-09,False,False,False,False,False,False,False,False,0,,False,Normal,975,45
R000251,2025-09-08,2025-09,Monday,CDMX-VM-001,GenkiClean Vending 7x100L,CDMX,Efectivo,37,820,830,10,17,48.24,100,20,False,0,Operational,23.4,False,,False,,No issue,4,120,60,7,140,93,5,125,37,9,135,91,4,100,96,4.0,100,43,4,100,56,820,0,120,140,125,135,100,100.0,100,820.0,0.0,2025-09,False,False,False,False,False,False,False,False,0,,False,Normal,820,37
R000252,2025-09-09,2025-09,Tuesday,CDMX-VM-001,GenkiClean Vending 7x100L,CDMX,Efectivo,40,890,890,0,16,55.62,100,20,False,0,Operational,24.1,False,,False,,No issue,3,90,57,9,180,84,5,125,32,8,120,83,6,150,90,6.0,150,37,3,75,53,890,0,90,180,125,120,150,150.0,75,890.0,0.0,2025-09,False,False,False,False,False,False,False,False,0,,False,Normal,890,40
R000253,2025-09-10,2025-09,Wednesday,CDMX-VM-001,GenkiClean Vending 7x100L,CDMX,Efectivo,38,830,830,0,15,55.33,100,20,False,0,Operational,18.0,False,,False,,No issue,3,90,54,9,180,75,3,75,29,9,135,74,5,125,85,5.0,125,32,4,100,49,830,0,90,180,75,135,125,125.0,100,830.0,0.0,2025-09,False,False,False,False,False,False,False,False,0,,False,Normal,830,38
R000254,2025-09-11,2025-09,Thursday,CDMX-VM-001,GenkiClean Vending 7x100L,CDMX,Efectivo,40,870,890,20,31,28.06,100,20,False,0,Operational,17.4,False,,False,,No issue,3,90,51,7,140,68,3,75,26,11,165,63,6,150,79,6.0,150,26,4,100,45,870,0,90,140,75,165,150,150.0,100,870.0,0.0,2025-09,False,False,False,False,False,False,False,False,0,,False,Normal,870,40
R000255,2025-09-12,2025-09,Friday,CDMX-VM-001,GenkiClean Vending 7x100L,CDMX,Efectivo,29,640,660,20,14,45.71,100,20,False,0,Operational,20.5,False,,False,,No issue,3,90,48,6,120,62,4,100,96,7,105,56,3,75,76,4.0,100,22,2,50,43,640,0,90,120,100,105,75,100.0,50,640.0,0.0,2025-09,False,False,False,False,False,False,False,False,0,,False,Normal,640,29
R000256,2025-09-13,2025-09,Saturday,CDMX-VM-001,GenkiClean Vending 7x100L,CDMX,Efectivo,37,810,810,0,19,42.63,100,20,False,0,Operational,24.9,True,,False,,No issue,4,120,44,7,140,55,3,75,93,10,150,46,5,125,71,5.0,125,95,3,75,40,810,0,120,140,75,150,125,125.0,75,810.0,0.0,2025-09,False,False,False,False,False,False,False,False,0,,False,Normal,810,37
R000257,2025-09-14,2025-09,Sunday,CDMX-VM-001,GenkiClean Vending 7x100L,CDMX,Efectivo,46,1035,1055,20,24,43.12,100,20,False,0,Operational,26.6,True,,False,,No issue,5,150,39,8,160,47,6,150,87,10,150,36,5,125,66,8.0,200,87,4,100,36,1035,0,150,160,150,150,125,200.0,100,1035.0,0.0,2025-09,False,False,False,False,False,False,False,False,0,,False,Normal,1035,46
R000258,2025-09-15,2025-09,Monday,CDMX-VM-001,GenkiClean Vending 7x100L,CDMX,Efectivo,81,1760,1810,50,33,53.33,100,20,False,0,Operational,26.5,False,,False,,No issue,7,210,32,14,280,33,9,225,78,23,345,13,9,225,57,12.0,300,75,7,175,29,1760,0,210,280,225,345,225,300.0,175,1760.0,0.0,2025-09,True,True,True,False,False,False,False,False,3,,False,Keep,1760,81
R000259,2025-09-16,2025-09,Tuesday,CDMX-VM-001,GenkiClean Vending 7x100L,CDMX,Efectivo,37,810,860,50,19,42.63,100,20,False,0,Operational,24.5,False,,False,,No issue,3,90,29,6,120,27,4,100,74,10,150,90,4,100,53,6.0,150,69,4,100,25,810,0,90,120,100,150,100,150.0,100,810.0,0.0,2025-09,False,False,False,False,False,False,False,False,0,,False,Normal,810,37
R000260,2025-09-17,2025-09,Wednesday,CDMX-VM-001,GenkiClean Vending 7x100L,CDMX,Efectivo,40,895,900,5,28,31.96,100,20,False,0,Operational,27.0,False,,False,,No issue,4,120,25,9,180,18,5,125,69,8,120,82,5,125,48,5.0,125,64,4,100,96,895,0,120,180,125,120,125,125.0,100,895.0,0.0,2025-09,False,False,False,False,False,False,False,False,0,,False,Normal,895,40
R000261,2025-09-18,2025-09,Thursday,CDMX-VM-001,GenkiClean Vending 7x100L,CDMX,Efectivo,39,855,855,0,23,37.17,100,20,False,0,Operational,26.1,False,,False,,No issue,4,120,21,8,160,92,5,125,64,10,150,72,5,125,43,4.0,100,60,3,75,93,855,0,120,160,125,150,125,100.0,75,855.0,0.0,2025-09,False,False,False,False,False,False,False,False,0,,False,Normal,855,39
R000262,2025-09-19,2025-09,Friday,CDMX-VM-001,GenkiClean Vending 7x100L,CDMX,Efectivo,44,955,955,0,18,53.06,100,20,False,0,Operational,14.8,False,,False,,No issue,4,120,96,7,140,85,5,125,59,13,195,59,6,150,37,6.0,150,54,3,75,90,955,0,120,140,125,195,150,150.0,75,955.0,0.0,2025-09,False,False,False,False,False,False,False,False,0,,False,Normal,955,44
R000263,2025-09-20,2025-09,Saturday,CDMX-VM-001,GenkiClean Vending 7x100L,CDMX,Efectivo,37,815,825,10,18,45.28,100,20,False,0,Operational,30.3,True,,False,,No issue,4,120,92,8,160,77,3,75,56,9,135,50,4,100,33,6.0,150,48,3,75,87,815,0,120,160,75,135,100,150.0,75,815.0,0.0,2025-09,False,False,False,False,False,False,False,False,0,,False,Normal,815,37
R000264,2025-09-21,2025-09,Sunday,CDMX-VM-001,GenkiClean Vending 7x100L,CDMX,Efectivo,35,800,800,0,16,50.0,100,20,False,0,Operational,19.3,True,,False,,No issue,4,120,88,7,140,70,3,75,53,6,90,44,5,125,28,6.0,150,42,4,100,83,800,0,120,140,75,90,125,150.0,100,800.0,0.0,2025-09,False,False,False,False,False,False,False,False,0,,False,Normal,800,35
R000265,2025-09-22,2025-09,Monday,CDMX-VM-001,GenkiClean Vending 7x100L,CDMX,Efectivo,40,895,895,0,30,29.83,100,20,False,0,Operational,15.3,False,,False,,No issue,4,120,84,9,180,61,4,100,49,8,120,36,6,150,22,6.0,150,36,3,75,80,895,0,120,180,100,120,150,150.0,75,895.0,0.0,2025-09,False,False,False,False,False,False,False,False,0,,False,Normal,895,40
R000266,2025-09-23,2025-09,Tuesday,CDMX-VM-001,GenkiClean Vending 7x100L,CDMX,Efectivo,31,690,740,50,13,53.08,100,20,False,0,Operational,30.2,False,,False,,No issue,3,90,81,6,120,55,4,100,45,7,105,29,4,100,96,4.0,100,32,3,75,77,690,0,90,120,100,105,100,100.0,75,690.0,0.0,2025-09,False,False,False,False,False,False,False,False,0,,False,Normal,690,31
R000267,2025-09-24,2025-09,Wednesday,CDMX-VM-001,GenkiClean Vending 7x100L,CDMX,Efectivo,28,625,625,0,12,52.08,100,20,False,0,Operational,12.4,False,,False,,No issue,3,90,78,6,120,49,2,50,43,6,90,23,3,75,93,5.0,125,27,3,75,74,625,0,90,120,50,90,75,125.0,75,625.0,0.0,2025-09,False,False,False,False,False,False,False,False,0,,False,Normal,625,28
R000268,2025-09-25,2025-09,Thursday,CDMX-VM-001,GenkiClean Vending 7x100L,CDMX,Efectivo,37,805,810,5,18,44.72,100,20,False,0,Operational,15.5,False,,False,,No issue,3,90,75,7,140,42,4,100,39,10,150,90,5,125,88,4.0,100,23,4,100,70,805,0,90,140,100,150,125,100.0,100,805.0,0.0,2025-09,False,False,False,False,False,False,False,False,0,,False,Normal,805,37
R000269,2025-09-26,2025-09,Friday,CDMX-VM-001,GenkiClean Vending 7x100L,CDMX,Efectivo,31,690,690,0,17,40.59,100,20,False,0,Operational,18.1,False,,False,,No issue,3,90,72,6,120,36,3,75,36,7,105,83,4,100,84,5.0,125,95,3,75,67,690,0,90,120,75,105,100,125.0,75,690.0,0.0,2025-09,False,False,False,False,False,False,False,False,0,,False,Normal,690,31
R000270,2025-09-27,2025-09,Saturday,CDMX-VM-001,GenkiClean Vending 7x100L,CDMX,Efectivo,39,870,870,0,25,34.8,100,20,False,0,Operational,26.7,True,,False,,No issue,4,120,68,9,180,27,5,125,31,8,120,75,4,100,80,6.0,150,89,3,75,64,870,0,120,180,125,120,100,150.0,75,870.0,0.0,2025-09,False,False,False,False,False,False,False,False,0,,False,Normal,870,39
R000271,2025-09-28,2025-09,Sunday,CDMX-VM-001,GenkiClean Vending 7x100L,CDMX,Efectivo,48,1085,1105,20,26,41.73,100,20,False,0,Operational,19.4,True,,False,,No issue,5,150,63,8,160,19,5,125,26,10,150,65,6,150,74,8.0,200,81,6,150,58,1085,0,150,160,125,150,150,200.0,150,1085.0,0.0,2025-09,False,False,False,False,False,False,False,False,0,,False,Normal,1085,48
R000272,2025-09-29,2025-09,Monday,CDMX-VM-001,GenkiClean Vending 7x100L,CDMX,Efectivo,40,860,870,10,23,37.39,100,20,False,0,Operational,23.9,False,,False,,No issue,3,90,60,7,140,93,4,100,22,12,180,53,5,125,69,6.0,150,75,3,75,55,860,0,90,140,100,180,125,150.0,75,860.0,0.0,2025-09,False,False,False,False,False,False,False,False,0,,False,Normal,860,40
R000273,2025-09-30,2025-09,Tuesday,CDMX-VM-001,GenkiClean Vending 7x100L,CDMX,Efectivo,31,675,675,0,15,45.0,100,20,False,0,Operational,30.1,False,,False,,No issue,3,90,57,7,140,86,3,75,19,8,120,45,4,100,65,4.0,100,71,2,50,53,675,0,90,140,75,120,100,100.0,50,675.0,0.0,2025-09,False,False,False,False,False,False,False,False,0,,False,Normal,675,31
R000274,2025-10-01,2025-10,Wednesday,CDMX-VM-001,GenkiClean Vending 7x100L,CDMX,Efectivo,35,775,775,0,22,35.23,100,20,False,0,Operational,25.2,False,,False,,No issue,3,90,54,7,140,79,3,75,97,8,120,37,5,125,60,5.0,125,66,4,100,49,775,0,90,140,75,120,125,125.0,100,775.0,0.0,2025-10,False,False,False,False,False,False,False,False,0,,False,Normal,775,35
R000275,2025-10-02,2025-10,Thursday,CDMX-VM-001,GenkiClean Vending 7x100L,CDMX,Efectivo,37,820,830,10,23,35.65,100,20,False,0,Operational,21.6,False,,False,,No issue,4,120,50,9,180,70,4,100,93,8,120,29,4,100,56,4.0,100,62,4,100,45,820,0,120,180,100,120,100,100.0,100,820.0,0.0,2025-10,False,False,False,False,False,False,False,False,0,,False,Normal,820,37
R000276,2025-10-03,2025-10,Friday,CDMX-VM-001,GenkiClean Vending 7x100L,CDMX,Efectivo,41,900,900,0,17,52.94,100,20,False,0,Operational,14.0,False,,False,,No issue,4,120,46,9,180,61,4,100,89,10,150,19,4,100,52,6.0,150,56,4,100,41,900,0,120,180,100,150,100,150.0,100,900.0,0.0,2025-10,False,False,False,False,False,False,False,False,0,,False,Normal,900,41
R000277,2025-10-04,2025-10,Saturday,CDMX-VM-001,GenkiClean Vending 7x100L,CDMX,Efectivo,47,1070,1070,0,21,50.95,100,20,False,0,Operational,18.6,True,,False,,No issue,5,150,41,8,160,53,6,150,83,9,135,91,5,125,47,9.0,225,47,5,125,36,1070,0,150,160,150,135,125,225.0,125,1070.0,0.0,2025-10,False,False,False,False,False,False,False,False,0,,False,Normal,1070,47
R000278,2025-10-05,2025-10,Sunday,CDMX-VM-001,GenkiClean Vending 7x100L,CDMX,Efectivo,34,740,740,0,22,33.64,100,20,False,0,Operational,28.1,True,,False,,No issue,4,120,37,8,160,45,3,75,80,9,135,82,3,75,44,4.0,100,43,3,75,33,740,0,120,160,75,135,75,100.0,75,740.0,0.0,2025-10,False,False,False,False,False,False,False,False,0,,False,Normal,740,34
R000279,2025-10-06,2025-10,Monday,CDMX-VM-001,GenkiClean Vending 7x100L,CDMX,Efectivo,36,770,770,0,21,36.67,100,20,False,0,Operational,26.5,False,,False,,No issue,2,60,35,8,160,37,4,100,76,10,150,72,5,125,39,5.0,125,38,2,50,31,770,0,60,160,100,150,125,125.0,50,770.0,0.0,2025-10,False,False,False,False,False,False,False,False,0,,False,Normal,770,36
R000280,2025-10-07,2025-10,Tuesday,CDMX-VM-001,GenkiClean Vending 7x100L,CDMX,Efectivo,37,810,830,20,19,42.63,100,20,False,0,Operational,13.6,False,,False,,No issue,4,120,31,7,140,30,4,100,72,10,150,62,3,75,36,5.0,125,33,4,100,27,810,0,120,140,100,150,75,125.0,100,810.0,0.0,2025-10,False,False,False,False,False,False,False,False,0,,False,Normal,810,37
R000281,2025-10-08,2025-10,Wednesday,CDMX-VM-001,GenkiClean Vending 7x100L,CDMX,Efectivo,32,720,720,0,14,51.43,100,20,False,0,Operational,14.7,False,,False,,No issue,3,90,28,7,140,23,4,100,68,6,90,56,4,100,32,5.0,125,28,3,75,97,720,0,90,140,100,90,100,125.0,75,720.0,0.0,2025-10,False,False,False,False,False,False,False,False,0,,False,Normal,720,32
R000282,2025-10-09,2025-10,Thursday,CDMX-VM-001,GenkiClean Vending 7x100L,CDMX,Efectivo,35,775,825,50,14,55.36,100,20,False,0,Operational,21.8,False,,False,,No issue,4,120,24,6,120,94,4,100,64,9,135,47,4,100,28,5.0,125,23,3,75,94,775,0,120,120,100,135,100,125.0,75,775.0,0.0,2025-10,False,False,False,False,False,False,False,False,0,,False,Normal,775,35
R000283,2025-10-10,2025-10,Friday,CDMX-VM-001,GenkiClean Vending 7x100L,CDMX,Efectivo,33,735,735,0,15,49.0,100,20,False,0,Operational,20.3,False,,False,,No issue,3,90,21,7,140,87,4,100,60,7,105,40,5,125,23,4.0,100,96,3,75,91,735,0,90,140,100,105,125,100.0,75,735.0,0.0,2025-10,False,False,False,False,False,False,False,False,0,,False,Normal,735,33
R000284,2025-10-11,2025-10,Saturday,CDMX-VM-001,GenkiClean Vending 7x100L,CDMX,Efectivo,41,890,890,0,20,44.5,100,20,False,0,Operational,18.8,True,,False,,No issue,3,90,97,8,160,79,3,75,57,11,165,29,6,150,94,7.0,175,89,3,75,88,890,0,90,160,75,165,150,175.0,75,890.0,0.0,2025-10,False,False,False,False,False,False,False,False,0,,False,Normal,890,41
R000285,2025-10-12,2025-10,Sunday,CDMX-VM-001,GenkiClean Vending 7x100L,CDMX,Efectivo,44,975,975,0,36,27.08,100,20,False,0,Operational,12.8,True,,False,,No issue,3,90,94,8,160,71,6,150,51,10,150,19,5,125,89,8.0,200,81,4,100,84,975,0,90,160,150,150,125,200.0,100,975.0,0.0,2025-10,False,False,False,False,False,False,False,False,0,,False,Normal,975,44
R000286,2025-10-13,2025-10,Monday,CDMX-VM-001,GenkiClean Vending 7x100L,CDMX,Efectivo,31,680,685,5,21,32.38,100,20,False,0,Operational,17.0,False,,False,,No issue,3,90,91,6,120,65,4,100,47,8,120,92,3,75,86,5.0,125,76,2,50,82,680,0,90,120,100,120,75,125.0,50,680.0,0.0,2025-10,False,False,False,False,False,False,False,False,0,,False,Normal,680,31
R000287,2025-10-14,2025-10,Tuesday,CDMX-VM-001,GenkiClean Vending 7x100L,CDMX,Efectivo,30,655,655,0,16,40.94,100,20,False,0,Operational,29.0,False,,False,,No issue,3,90,88,6,120,59,3,75,44,8,120,84,3,75,83,4.0,100,72,3,75,79,655,0,90,120,75,120,75,100.0,75,655.0,0.0,2025-10,False,False,False,False,False,False,False,False,0,,False,Normal,655,30
R000288,2025-10-15,2025-10,Wednesday,CDMX-VM-001,GenkiClean Vending 7x100L,CDMX,Efectivo,38,860,910,50,16,53.75,100,20,False,0,Operational,17.4,False,,False,,No issue,4,120,84,8,160,51,5,125,39,7,105,77,4,100,79,6.0,150,66,4,100,75,860,0,120,160,125,105,100,150.0,100,860.0,0.0,2025-10,False,False,False,False,False,False,False,False,0,,False,Normal,860,38
R000289,2025-10-16,2025-10,Thursday,CDMX-VM-001,GenkiClean Vending 7x100L,CDMX,Efectivo,40,900,950,50,16,56.25,100,20,False,0,Operational,18.1,False,,False,,No issue,5,150,79,7,140,44,5,125,34,9,135,68,5,125,74,5.0,125,61,4,100,71,900,0,150,140,125,135,125,125.0,100,900.0,0.0,2025-10,False,False,False,False,False,False,False,False,0,,False,Normal,900,40
R000290,2025-10-17,2025-10,Friday,CDMX-VM-001,GenkiClean Vending 7x100L,CDMX,Efectivo,42,925,935,10,25,37.0,100,20,False,0,Operational,20.7,False,,False,,No issue,3,90,76,10,200,34,4,100,30,9,135,59,5,125,69,7.0,175,54,4,100,67,925,0,90,200,100,135,125,175.0,100,925.0,0.0,2025-10,False,False,False,False,False,False,False,False,0,,False,Normal,925,42
R000291,2025-10-18,2025-10,Saturday,CDMX-VM-001,GenkiClean Vending 7x100L,CDMX,Efectivo,47,1070,1070,0,20,53.5,100,20,False,0,Operational,28.2,True,,False,,No issue,5,150,71,8,160,26,6,150,24,9,135,50,6,150,63,9.0,225,45,4,100,63,1070,0,150,160,150,135,150,225.0,100,1070.0,0.0,2025-10,False,False,False,False,False,False,False,False,0,,False,Normal,1070,47
R000292,2025-10-19,2025-10,Sunday,CDMX-VM-001,GenkiClean Vending 7x100L,CDMX,Efectivo,39,890,890,0,26,34.23,100,20,False,0,Operational,29.9,True,,False,,No issue,4,120,67,7,140,19,5,125,95,7,105,43,5,125,58,7.0,175,38,4,100,59,890,0,120,140,125,105,125,175.0,100,890.0,0.0,2025-10,False,False,False,False,False,False,False,False,0,,False,Normal,890,39
R000293,2025-10-20,2025-10,Monday,CDMX-VM-001,GenkiClean Vending 7x100L,CDMX,Efectivo,33,735,745,10,18,40.83,100,20,False,0,Operational,21.2,False,,False,,No issue,3,90,64,7,140,93,4,100,91,7,105,36,5,125,53,4.0,100,34,3,75,56,735,0,90,140,100,105,125,100.0,75,735.0,0.0,2025-10,False,False,False,False,False,False,False,False,0,,False,Normal,735,33
R000294,2025-10-21,2025-10,Tuesday,CDMX-VM-001,GenkiClean Vending 7x100L,CDMX,Efectivo,35,785,790,5,19,41.32,100,20,False,0,Operational,23.5,False,,False,,No issue,4,120,60,8,160,85,4,100,87,7,105,29,4,100,49,5.0,125,29,3,75,53,785,0,120,160,100,105,100,125.0,75,785.0,0.0,2025-10,False,False,False,False,False,False,False,False,0,,False,Normal,785,35
R000295,2025-10-22,2025-10,Wednesday,CDMX-VM-001,GenkiClean Vending 7x100L,CDMX,Efectivo,29,640,640,0,19,33.68,100,20,False,0,Operational,21.7,False,,False,,No issue,2,60,58,5,100,80,3,75,84,7,105,22,4,100,45,5.0,125,24,3,75,50,640,0,60,100,75,105,100,125.0,75,640.0,0.0,2025-10,False,False,False,False,False,False,False,False,0,,False,Normal,640,29
R000296,2025-10-23,2025-10,Thursday,CDMX-VM-001,GenkiClean Vending 7x100L,CDMX,Efectivo,36,785,795,10,22,35.68,100,20,False,0,Operational,19.0,False,,False,,No issue,3,90,55,6,120,74,4,100,80,10,150,90,4,100,41,6.0,150,94,3,75,47,785,0,90,120,100,150,100,150.0,75,785.0,0.0,2025-10,False,False,False,False,False,False,False,False,0,,False,Normal,785,36
R000297,2025-10-24,2025-10,Friday,CDMX-VM-001,GenkiClean Vending 7x100L,CDMX,Efectivo,33,725,725,0,16,45.31,100,20,False,0,Operational,14.9,False,,False,,No issue,3,90,52,7,140,67,4,100,76,8,120,82,4,100,37,5.0,125,89,2,50,45,725,0,90,140,100,120,100,125.0,50,725.0,0.0,2025-10,False,False,False,False,False,False,False,False,0,,False,Normal,725,33
R000298,2025-10-25,2025-10,Saturday,CDMX-VM-001,GenkiClean Vending 7x100L,CDMX,Efectivo,51,1135,1135,0,21,54.05,100,20,False,0,Operational,28.3,True,,False,,No issue,4,120,48,10,200,57,5,125,71,11,165,71,8,200,29,9.0,225,80,4,100,41,1135,0,120,200,125,165,200,225.0,100,1135.0,0.0,2025-10,False,False,False,False,False,False,False,False,0,,False,Normal,1135,51
R000299,2025-10-26,2025-10,Sunday,CDMX-VM-001,GenkiClean Vending 7x100L,CDMX,Efectivo,37,810,820,10,29,27.93,100,20,False,0,Operational,23.7,True,,False,,No issue,4,120,44,7,140,50,4,100,67,10,150,61,4,100,25,5.0,125,75,3,75,38,810,0,120,140,100,150,100,125.0,75,810.0,0.0,2025-10,False,False,False,False,False,False,False,False,0,,False,Normal,810,37
R000300,2025-10-27,2025-10,Monday,CDMX-VM-001,GenkiClean Vending 7x100L,CDMX,Efectivo,40,890,900,10,20,44.5,100,20,False,0,Operational,20.5,False,,False,,No issue,4,120,40,8,160,42,4,100,63,9,135,52,6,150,94,5.0,125,70,4,100,34,890,0,120,160,100,135,150,125.0,100,890.0,0.0,2025-10,False,False,False,False,False,False,False,False,0,,False,Normal,890,40
R000301,2025-10-28,2025-10,Tuesday,CDMX-VM-001,GenkiClean Vending 7x100L,CDMX,Efectivo,41,895,895,0,23,38.91,100,20,False,0,Operational,15.8,False,,False,,No issue,3,90,37,9,180,33,4,100,59,10,150,42,6,150,88,6.0,150,64,3,75,31,895,0,90,180,100,150,150,150.0,75,895.0,0.0,2025-10,False,False,False,False,False,False,False,False,0,,False,Normal,895,41
R000302,2025-10-29,2025-10,Wednesday,CDMX-VM-001,GenkiClean Vending 7x100L,CDMX,Efectivo,27,600,650,50,21,28.57,100,20,False,0,Operational,23.5,False,,False,,No issue,2,60,35,5,100,28,3,75,56,6,90,36,3,75,85,5.0,125,59,3,75,28,600,0,60,100,75,90,75,125.0,75,600.0,0.0,2025-10,False,False,False,False,False,False,False,False,0,,False,Normal,600,27
R000303,2025-10-30,2025-10,Thursday,CDMX-VM-001,GenkiClean Vending 7x100L,CDMX,Efectivo,42,930,950,20,20,46.5,100,20,False,0,Operational,21.6,False,,False,,No issue,4,120,31,10,200,18,4,100,52,9,135,27,5,125,80,6.0,150,53,4,100,24,930,0,120,200,100,135,125,150.0,100,930.0,0.0,2025-10,False,False,False,False,False,False,False,False,0,,False,Normal,930,42
R000304,2025-10-31,2025-10,Friday,CDMX-VM-001,GenkiClean Vending 7x100L,CDMX,Efectivo,40,875,875,0,21,41.67,100,20,False,0,Operational,14.2,False,,False,,No issue,3,90,28,8,160,92,4,100,48,10,150,17,5,125,75,7.0,175,46,3,75,21,875,0,90,160,100,150,125,175.0,75,875.0,0.0,2025-10,False,False,False,False,False,False,False,False,0,,False,Normal,875,40
R000305,2025-11-01,2025-11,Saturday,CDMX-VM-001,GenkiClean Vending 7x100L,CDMX,Efectivo,47,1040,1040,0,33,31.52,100,20,False,0,Operational,17.1,True,,False,,No issue,5,150,23,10,200,82,5,125,43,11,165,89,6,150,69,6.0,150,40,4,100,96,1040,0,150,200,125,165,150,150.0,100,1040.0,0.0,2025-11,False,False,False,False,False,False,False,False,0,,False,Normal,1040,47
R000306,2025-11-02,2025-11,Sunday,CDMX-VM-001,GenkiClean Vending 7x100L,CDMX,Efectivo,44,980,1030,50,32,30.62,100,20,False,0,Operational,13.8,True,,False,,No issue,4,120,96,8,160,74,5,125,38,10,150,79,5,125,64,8.0,200,32,4,100,92,980,0,120,160,125,150,125,200.0,100,980.0,0.0,2025-11,False,False,False,False,False,False,False,False,0,,False,Normal,980,44
R000307,2025-11-03,2025-11,Monday,CDMX-VM-001,GenkiClean Vending 7x100L,CDMX,Efectivo,34,755,775,20,15,50.33,100,20,False,0,Operational,16.0,False,,False,,No issue,3,90,93,6,120,68,4,100,34,8,120,71,4,100,60,6.0,150,26,3,75,89,755,0,90,120,100,120,100,150.0,75,755.0,0.0,2025-11,False,False,False,False,False,False,False,False,0,,False,Normal,755,34
R000308,2025-11-04,2025-11,Tuesday,CDMX-VM-001,GenkiClean Vending 7x100L,CDMX,Efectivo,39,850,850,0,27,31.48,100,20,False,0,Operational,24.2,False,,False,,No issue,4,120,89,7,140,61,3,75,31,11,165,60,5,125,55,5.0,125,21,4,100,85,850,0,120,140,75,165,125,125.0,100,850.0,0.0,2025-11,False,False,False,False,False,False,False,False,0,,False,Normal,850,39
R000309,2025-11-05,2025-11,Wednesday,CDMX-VM-001,GenkiClean Vending 7x100L,CDMX,Efectivo,28,635,635,0,12,52.92,100,20,False,0,Operational,25.8,False,,False,,No issue,3,90,86,6,120,55,3,75,28,5,75,55,4,100,51,4.0,100,96,3,75,82,635,0,90,120,75,75,100,100.0,75,635.0,0.0,2025-11,False,False,False,False,False,False,False,False,0,,False,Normal,635,28
R000310,2025-11-06,2025-11,Thursday,CDMX-VM-001,GenkiClean Vending 7x100L,CDMX,Efectivo,41,910,960,50,28,32.5,100,20,False,0,Operational,24.4,False,,False,,No issue,3,90,83,10,200,45,4,100,24,8,120,47,6,150,45,5.0,125,91,5,125,77,910,0,90,200,100,120,150,125.0,125,910.0,0.0,2025-11,False,False,False,False,False,False,False,False,0,,False,Normal,910,41
R000311,2025-11-07,2025-11,Friday,CDMX-VM-001,GenkiClean Vending 7x100L,CDMX,Efectivo,35,765,785,20,18,42.5,100,20,False,0,Operational,17.1,False,,False,,No issue,3,90,80,7,140,38,4,100,96,9,135,38,3,75,42,6.0,150,85,3,75,74,765,0,90,140,100,135,75,150.0,75,765.0,0.0,2025-11,False,False,False,False,False,False,False,False,0,,False,Normal,765,35
R000312,2025-11-08,2025-11,Saturday,CDMX-VM-001,GenkiClean Vending 7x100L,CDMX,Efectivo,48,1070,1080,10,33,32.42,100,20,False,0,Operational,28.1,True,,False,,No issue,5,150,75,9,180,29,6,150,90,11,165,27,7,175,35,7.0,175,78,3,75,71,1070,0,150,180,150,165,175,175.0,75,1070.0,0.0,2025-11,False,False,False,False,False,False,False,False,0,,False,Normal,1070,48
R000313,2025-11-09,2025-11,Sunday,CDMX-VM-001,GenkiClean Vending 7x100L,CDMX,Efectivo,37,815,820,5,21,38.81,100,20,False,0,Operational,20.7,True,,False,,No issue,3,90,72,7,140,22,4,100,86,9,135,91,5,125,30,6.0,150,72,3,75,68,815,0,90,140,100,135,125,150.0,75,815.0,0.0,2025-11,False,False,False,False,False,False,False,False,0,,False,Normal,815,37
R000314,2025-11-10,2025-11,Monday,CDMX-VM-001,GenkiClean Vending 7x100L,CDMX,Efectivo,44,970,990,20,36,26.94,100,20,False,0,Operational,26.9,False,,False,,No issue,4,120,68,10,200,90,4,100,82,10,150,81,5,125,25,7.0,175,65,4,100,64,970,0,120,200,100,150,125,175.0,100,970.0,0.0,2025-11,False,False,False,False,False,False,False,False,0,,False,Normal,970,44
R000315,2025-11-11,2025-11,Tuesday,CDMX-VM-001,GenkiClean Vending 7x100L,CDMX,Efectivo,41,890,895,5,25,35.6,100,20,False,0,Operational,19.5,False,,False,,No issue,4,120,64,9,180,81,4,100,78,11,165,70,5,125,20,5.0,125,60,3,75,61,890,0,120,180,100,165,125,125.0,75,890.0,0.0,2025-11,False,False,False,False,False,False,False,False,0,,False,Normal,890,41
R000316,2025-11-12,2025-11,Wednesday,CDMX-VM-001,GenkiClean Vending 7x100L,CDMX,Efectivo,32,710,710,0,23,30.87,100,20,False,0,Operational,12.3,False,,False,,No issue,3,90,61,7,140,74,3,75,75,7,105,63,5,125,95,4.0,100,56,3,75,58,710,0,90,140,75,105,125,100.0,75,710.0,0.0,2025-11,False,False,False,False,False,False,False,False,0,,False,Normal,710,32
R000317,2025-11-13,2025-11,Thursday,CDMX-VM-001,GenkiClean Vending 7x100L,CDMX,Efectivo,31,675,675,0,21,32.14,100,20,False,0,Operational,23.2,False,,False,,No issue,2,60,59,6,120,68,4,100,71,8,120,55,3,75,92,6.0,150,50,2,50,56,675,0,60,120,100,120,75,150.0,50,675.0,0.0,2025-11,False,False,False,False,False,False,False,False,0,,False,Normal,675,31
R000318,2025-11-14,2025-11,Friday,CDMX-VM-001,GenkiClean Vending 7x100L,CDMX,Efectivo,42,940,990,50,23,40.87,100,20,False,0,Operational,26.8,False,,False,,No issue,4,120,55,8,160,60,4,100,67,9,135,46,6,150,86,7.0,175,43,4,100,52,940,0,120,160,100,135,150,175.0,100,940.0,0.0,2025-11,False,False,False,False,False,False,False,False,0,,False,Normal,940,42
R000319,2025-11-15,2025-11,Saturday,CDMX-VM-001,GenkiClean Vending 7x100L,CDMX,Efectivo,51,1125,1125,0,26,43.27,100,20,False,0,Operational,17.5,True,,False,,No issue,6,180,49,8,160,52,6,150,61,14,210,32,6,150,80,7.0,175,36,4,100,48,1125,0,180,160,150,210,150,175.0,100,1125.0,0.0,2025-11,False,False,False,False,False,False,False,False,0,,False,Normal,1125,51
R000320,2025-11-16,2025-11,Sunday,CDMX-VM-001,GenkiClean Vending 7x100L,CDMX,Efectivo,88,1965,1965,0,58,33.88,100,20,False,0,Operational,15.8,True,,False,,No issue,10,300,39,17,340,35,9,225,52,20,300,12,9,225,71,14.0,350,22,9,225,39,1965,0,300,340,225,300,225,350.0,225,1965.0,0.0,2025-11,True,True,True,False,True,False,False,False,4,,False,Keep,1965,88
R000321,2025-11-17,2025-11,Monday,CDMX-VM-001,GenkiClean Vending 7x100L,CDMX,Efectivo,29,650,660,10,18,36.11,100,20,False,0,Operational,17.4,False,,False,,No issue,3,90,36,6,120,29,3,75,49,6,90,94,3,75,68,5.0,125,95,3,75,36,650,0,90,120,75,90,75,125.0,75,650.0,0.0,2025-11,False,False,False,False,False,False,False,False,0,,False,Normal,650,29
R000322,2025-11-18,2025-11,Tuesday,CDMX-VM-001,GenkiClean Vending 7x100L,CDMX,Efectivo,32,710,710,0,13,54.62,100,20,False,0,Operational,19.8,False,,False,,No issue,3,90,33,7,140,22,3,75,46,7,105,87,4,100,64,5.0,125,90,3,75,33,710,0,90,140,75,105,100,125.0,75,710.0,0.0,2025-11,False,False,False,False,False,False,False,False,0,,False,Normal,710,32
R000323,2025-11-19,2025-11,Wednesday,CDMX-VM-001,GenkiClean Vending 7x100L,CDMX,Efectivo,44,970,970,0,18,53.89,100,20,False,0,Operational,28.6,False,,False,,No issue,5,150,28,9,180,91,4,100,42,11,165,76,4,100,60,6.0,150,84,5,125,28,970,0,150,180,100,165,100,150.0,125,970.0,0.0,2025-11,False,False,False,False,False,False,False,False,0,,False,Normal,970,44
R000324,2025-11-20,2025-11,Thursday,CDMX-VM-001,GenkiClean Vending 7x100L,CDMX,Efectivo,29,645,665,20,20,32.25,100,20,False,0,Operational,19.6,False,,False,,No issue,3,90,25,7,140,84,3,75,39,6,90,70,3,75,57,4.0,100,80,3,75,25,645,0,90,140,75,90,75,100.0,75,645.0,0.0,2025-11,False,False,False,False,False,False,False,False,0,,False,Normal,645,29
R000325,2025-11-21,2025-11,Friday,CDMX-VM-001,GenkiClean Vending 7x100L,CDMX,Efectivo,37,835,835,0,19,43.95,100,20,False,0,Operational,28.4,False,,False,,No issue,4,120,21,8,160,76,4,100,35,7,105,63,5,125,52,6.0,150,74,3,75,22,835,0,120,160,100,105,125,150.0,75,835.0,0.0,2025-11,False,False,False,False,False,False,False,False,0,,False,Normal,835,37
R000326,2025-11-22,2025-11,Saturday,CDMX-VM-001,GenkiClean Vending 7x100L,CDMX,Efectivo,42,945,945,0,25,37.8,100,20,False,0,Operational,14.1,True,,False,,No issue,5,150,95,8,160,68,5,125,30,9,135,54,6,150,46,5.0,125,69,4,100,18,945,0,150,160,125,135,150,125.0,100,945.0,0.0,2025-11,False,False,False,False,False,False,False,False,0,,False,Normal,945,42
R000327,2025-11-23,2025-11,Sunday,CDMX-VM-001,GenkiClean Vending 7x100L,CDMX,Efectivo,41,890,890,0,17,52.35,100,20,False,0,Operational,27.0,True,,False,,No issue,3,90,92,10,200,58,4,100,26,10,150,44,5,125,41,5.0,125,64,4,100,96,890,0,90,200,100,150,125,125.0,100,890.0,0.0,2025-11,False,False,False,False,False,False,False,False,0,,False,Normal,890,41
R000328,2025-11-24,2025-11,Monday,CDMX-VM-001,GenkiClean Vending 7x100L,CDMX,Efectivo,39,870,870,0,28,31.07,100,20,False,0,Operational,25.7,False,,False,,No issue,5,150,87,6,120,52,4,100,22,10,150,34,6,150,35,5.0,125,59,3,75,93,870,0,150,120,100,150,150,125.0,75,870.0,0.0,2025-11,False,False,False,False,False,False,False,False,0,,False,Normal,870,39
R000329,2025-11-25,2025-11,Tuesday,CDMX-VM-001,GenkiClean Vending 7x100L,CDMX,Efectivo,44,950,1000,50,19,50.0,100,20,False,0,Operational,15.5,False,,False,,No issue,4,120,83,10,200,42,5,125,95,12,180,22,5,125,30,5.0,125,54,3,75,90,950,0,120,200,125,180,125,125.0,75,950.0,0.0,2025-11,False,False,False,False,False,False,False,False,0,,False,Normal,950,44
R000330,2025-11-26,2025-11,Wednesday,CDMX-VM-001,GenkiClean Vending 7x100L,CDMX,Efectivo,35,775,795,20,15,51.67,100,20,False,0,Operational,12.8,False,,False,,No issue,4,120,79,6,120,36,3,75,92,9,135,91,4,100,26,6.0,150,48,3,75,87,775,0,120,120,75,135,100,150.0,75,775.0,0.0,2025-11,False,False,False,False,False,False,False,False,0,,False,Normal,775,35
R000331,2025-11-27,2025-11,Thursday,CDMX-VM-001,GenkiClean Vending 7x100L,CDMX,Efectivo,34,745,745,0,25,29.8,100,20,False,0,Operational,23.8,False,,False,,No issue,3,90,76,8,160,28,3,75,89,8,120,83,5,125,95,4.0,100,44,3,75,84,745,0,90,160,75,120,125,100.0,75,745.0,0.0,2025-11,False,False,False,False,False,False,False,False,0,,False,Normal,745,34
R000332,2025-11-28,2025-11,Friday,CDMX-VM-001,GenkiClean Vending 7x100L,CDMX,Efectivo,32,705,705,0,22,32.05,100,20,False,0,Operational,14.9,False,,False,,No issue,3,90,73,6,120,22,4,100,85,8,120,75,3,75,92,5.0,125,39,3,75,81,705,0,90,120,100,120,75,125.0,75,705.0,0.0,2025-11,False,False,False,False,False,False,False,False,0,,False,Normal,705,32
R000333,2025-11-29,2025-11,Saturday,CDMX-VM-001,GenkiClean Vending 7x100L,CDMX,Efectivo,45,1015,1065,50,19,53.42,100,20,False,0,Operational,30.2,True,,False,,No issue,4,120,69,10,200,90,4,100,81,8,120,67,7,175,85,8.0,200,31,4,100,77,1015,0,120,200,100,120,175,200.0,100,1015.0,0.0,2025-11,False,False,False,False,False,False,False,False,0,,False,Normal,1015,45
R000334,2025-11-30,2025-11,Sunday,CDMX-VM-001,GenkiClean Vending 7x100L,CDMX,Efectivo,41,900,900,0,32,28.12,100,20,False,0,Operational,16.9,True,,False,,No issue,4,120,65,7,140,83,3,75,78,11,165,56,6,150,79,7.0,175,24,3,75,74,900,0,120,140,75,165,150,175.0,75,900.0,0.0,2025-11,False,False,False,False,False,False,False,False,0,,False,Normal,900,41
R000335,2025-12-01,2025-12,Monday,CDMX-VM-001,GenkiClean Vending 7x100L,CDMX,Efectivo,43,975,975,0,21,46.43,100,20,False,0,Operational,14.5,False,,False,,No issue,5,150,60,7,140,76,4,100,74,9,135,47,6,150,73,8.0,200,92,4,100,70,975,0,150,140,100,135,150,200.0,100,975.0,0.0,2025-12,False,False,False,False,False,False,False,False,0,,False,Normal,975,43
R000336,2025-12-02,2025-12,Tuesday,CDMX-VM-001,GenkiClean Vending 7x100L,CDMX,Efectivo,40,875,925,50,19,46.05,100,20,False,0,Operational,21.5,False,,False,,No issue,3,90,57,8,160,68,5,125,69,10,150,37,6,150,67,5.0,125,87,3,75,67,875,0,90,160,125,150,150,125.0,75,875.0,0.0,2025-12,False,False,False,False,False,False,False,False,0,,False,Normal,875,40
R000337,2025-12-03,2025-12,Wednesday,CDMX-VM-001,GenkiClean Vending 7x100L,CDMX,Efectivo,36,790,840,50,16,49.38,100,20,False,0,Operational,29.4,False,,False,,No issue,3,90,54,7,140,61,4,100,65,9,135,28,5,125,62,5.0,125,82,3,75,64,790,0,90,140,100,135,125,125.0,75,790.0,0.0,2025-12,False,False,False,False,False,False,False,False,0,,False,Normal,790,36
R000338,2025-12-04,2025-12,Thursday,CDMX-VM-001,GenkiClean Vending 7x100L,CDMX,Efectivo,48,1060,1065,5,29,36.55,100,20,False,0,Operational,21.1,False,,False,,No issue,5,150,49,9,180,52,4,100,61,12,180,16,6,150,56,8.0,200,74,4,100,60,1060,0,150,180,100,180,150,200.0,100,1060.0,0.0,2025-12,False,False,False,False,False,False,False,False,0,,False,Normal,1060,48
R000339,2025-12-05,2025-12,Friday,CDMX-VM-001,GenkiClean Vending 7x100L,CDMX,Efectivo,45,1015,1015,0,20,50.75,100,20,False,0,Operational,19.9,False,,False,,No issue,5,150,44,9,180,43,5,125,56,9,135,91,6,150,50,7.0,175,67,4,100,56,1015,0,150,180,125,135,150,175.0,100,1015.0,0.0,2025-12,False,False,False,False,False,False,False,False,0,,False,Normal,1015,45
R000340,2025-12-06,2025-12,Saturday,CDMX-VM-001,GenkiClean Vending 7x100L,CDMX,Efectivo,53,1175,1175,0,36,32.64,100,20,False,0,Operational,26.7,True,,False,,No issue,5,150,39,11,220,32,6,150,50,12,180,79,5,125,45,8.0,200,59,6,150,50,1175,0,150,220,150,180,125,200.0,150,1175.0,0.0,2025-12,False,False,False,False,False,False,False,False,0,,False,Normal,1175,53
R000341,2025-12-07,2025-12,Sunday,CDMX-VM-001,GenkiClean Vending 7x100L,CDMX,Efectivo,48,1055,1075,20,25,42.2,100,20,False,0,Operational,23.1,True,,False,,No issue,4,120,35,9,180,23,5,125,45,12,180,67,8,200,37,6.0,150,53,4,100,46,1055,0,120,180,125,180,200,150.0,100,1055.0,0.0,2025-12,False,False,False,False,False,False,False,False,0,,False,Normal,1055,48
R000342,2025-12-08,2025-12,Monday,CDMX-VM-001,GenkiClean Vending 7x100L,CDMX,Efectivo,41,895,895,0,32,27.97,100,20,False,0,Operational,28.4,False,,False,,No issue,5,150,30,9,180,91,4,100,41,11,165,56,4,100,33,5.0,125,48,3,75,43,895,0,150,180,100,165,100,125.0,75,895.0,0.0,2025-12,False,False,False,False,False,False,False,False,0,,False,Normal,895,41
R000343,2025-12-09,2025-12,Tuesday,CDMX-VM-001,GenkiClean Vending 7x100L,CDMX,Efectivo,37,810,810,0,17,47.65,100,20,False,0,Operational,13.8,False,,False,,No issue,3,90,27,8,160,83,4,100,37,9,135,47,4,100,29,5.0,125,43,4,100,39,810,0,90,160,100,135,100,125.0,100,810.0,0.0,2025-12,False,False,False,False,False,False,False,False,0,,False,Normal,810,37
R000344,2025-12-10,2025-12,Wednesday,CDMX-VM-001,GenkiClean Vending 7x100L,CDMX,Efectivo,33,745,765,20,23,32.39,100,20,False,0,Operational,24.9,False,,False,,No issue,4,120,96,6,120,77,3,75,34,7,105,40,3,75,26,7.0,175,36,3,75,36,745,0,120,120,75,105,75,175.0,75,745.0,0.0,2025-12,False,False,False,False,False,False,False,False,0,,False,Normal,745,33
R000345,2025-12-11,2025-12,Thursday,CDMX-VM-001,GenkiClean Vending 7x100L,CDMX,Efectivo,41,900,920,20,23,39.13,100,20,False,0,Operational,24.4,False,,False,,No issue,4,120,92,9,180,68,5,125,29,10,150,30,4,100,96,5.0,125,31,4,100,32,900,0,120,180,125,150,100,125.0,100,900.0,0.0,2025-12,False,False,False,False,False,False,False,False,0,,False,Normal,900,41
R000346,2025-12-12,2025-12,Friday,CDMX-VM-001,GenkiClean Vending 7x100L,CDMX,Efectivo,60,1315,1315,0,28,46.96,100,20,False,0,Operational,28.3,False,,False,,No issue,6,180,86,13,260,55,5,125,24,15,225,15,9,225,87,7.0,175,24,5,125,27,1315,0,180,260,125,225,225,175.0,125,1315.0,0.0,2025-12,True,True,True,False,False,False,False,False,3,,False,Keep,1315,60
R000347,2025-12-13,2025-12,Saturday,CDMX-VM-001,GenkiClean Vending 7x100L,CDMX,Efectivo,50,1130,1150,20,40,28.25,100,20,False,0,Operational,21.9,True,,False,,No issue,6,180,80,12,240,43,6,150,94,9,135,91,7,175,80,6.0,150,18,4,100,23,1130,0,180,240,150,135,175,150.0,100,1130.0,0.0,2025-12,False,False,False,False,True,False,False,False,1,,False,Normal,1130,50
R000348,2025-12-14,2025-12,Sunday,CDMX-VM-001,GenkiClean Vending 7x100L,CDMX,Efectivo,41,910,910,0,17,53.53,100,20,False,0,Operational,16.9,True,,False,,No issue,4,120,76,9,180,34,4,100,90,9,135,82,5,125,75,6.0,150,94,4,100,96,910,0,120,180,100,135,125,150.0,100,910.0,0.0,2025-12,False,False,False,False,False,False,False,False,0,,False,Normal,910,41
R000349,2025-12-15,2025-12,Monday,CDMX-VM-001,GenkiClean Vending 7x100L,CDMX,Efectivo,38,840,850,10,21,40.0,100,20,False,0,Operational,24.4,False,,False,,No issue,4,120,72,8,160,26,4,100,86,9,135,73,4,100,71,6.0,150,88,3,75,93,840,0,120,160,100,135,100,150.0,75,840.0,0.0,2025-12,False,False,False,False,False,False,False,False,0,,False,Normal,840,38
R000350,2025-12-16,2025-12,Tuesday,CDMX-VM-001,GenkiClean Vending 7x100L,CDMX,Efectivo,38,825,875,50,19,43.42,100,20,False,0,Operational,13.2,False,,False,,No issue,3,90,69,8,160,92,4,100,82,10,150,63,4,100,67,5.0,125,83,4,100,89,825,0,90,160,100,150,100,125.0,100,825.0,0.0,2025-12,False,False,False,False,False,False,False,False,0,,False,Normal,825,38
R000351,2025-12-17,2025-12,Wednesday,CDMX-VM-001,GenkiClean Vending 7x100L,CDMX,Efectivo,34,730,735,5,15,48.67,100,20,False,0,Operational,13.2,False,,False,,No issue,2,60,67,8,160,84,4,100,78,9,135,54,4,100,63,4.0,100,79,3,75,86,730,0,60,160,100,135,100,100.0,75,730.0,0.0,2025-12,False,False,False,False,False,False,False,False,0,,False,Normal,730,34
R000352,2025-12-18,2025-12,Thursday,CDMX-VM-001,GenkiClean Vending 7x100L,CDMX,Efectivo,38,850,850,0,19,44.74,100,20,False,0,Operational,20.2,False,,False,,No issue,4,120,63,8,160,76,3,75,75,8,120,46,5,125,58,6.0,150,73,4,100,82,850,0,120,160,75,120,125,150.0,100,850.0,0.0,2025-12,False,False,False,False,False,False,False,False,0,,False,Normal,850,38
R000353,2025-12-19,2025-12,Friday,CDMX-VM-001,GenkiClean Vending 7x100L,CDMX,Efectivo,37,825,825,0,17,48.53,100,20,False,0,Operational,17.8,False,,False,,No issue,4,120,59,8,160,68,4,100,71,8,120,38,4,100,54,5.0,125,68,4,100,78,825,0,120,160,100,120,100,125.0,100,825.0,0.0,2025-12,False,False,False,False,False,False,False,False,0,,False,Normal,825,37
R000354,2025-12-20,2025-12,Saturday,CDMX-VM-001,GenkiClean Vending 7x100L,CDMX,Efectivo,46,1010,1020,10,35,28.86,100,20,False,0,Operational,21.9,True,,False,,No issue,4,120,55,8,160,60,5,125,66,12,180,26,5,125,49,8.0,200,60,4,100,74,1010,0,120,160,125,180,125,200.0,100,1010.0,0.0,2025-12,False,False,False,False,False,False,False,False,0,,False,Normal,1010,46
R000355,2025-12-21,2025-12,Sunday,CDMX-VM-001,GenkiClean Vending 7x100L,CDMX,Efectivo,37,825,845,20,15,55.0,100,20,False,0,Operational,27.6,True,,False,,No issue,4,120,51,8,160,52,4,100,62,8,120,18,5,125,44,5.0,125,55,3,75,71,825,0,120,160,100,120,125,125.0,75,825.0,0.0,2025-12,False,False,False,False,False,False,False,False,0,,False,Normal,825,37
R000356,2025-12-22,2025-12,Monday,CDMX-VM-001,GenkiClean Vending 7x100L,CDMX,Efectivo,38,835,835,0,16,52.19,100,20,False,0,Operational,17.1,False,,False,,No issue,3,90,48,8,160,44,4,100,58,9,135,91,4,100,40,7.0,175,48,3,75,68,835,0,90,160,100,135,100,175.0,75,835.0,0.0,2025-12,False,False,False,False,False,False,False,False,0,,False,Normal,835,38
R000357,2025-12-23,2025-12,Tuesday,CDMX-VM-001,GenkiClean Vending 7x100L,CDMX,Efectivo,84,1840,1850,10,46,40.0,100,20,False,0,Operational,30.2,False,,False,,No issue,8,240,40,18,360,26,9,225,49,21,315,70,9,225,31,13.0,325,35,6,150,62,1840,0,240,360,225,315,225,325.0,150,1840.0,0.0,2025-12,True,True,True,False,True,False,False,False,4,,False,Keep,1840,84
R000358,2025-12-24,2025-12,Wednesday,CDMX-VM-001,GenkiClean Vending 7x100L,CDMX,Efectivo,47,1045,1050,5,25,41.8,100,20,False,0,Operational,13.1,False,,False,,No issue,5,150,35,11,220,89,4,100,45,10,150,60,6,150,25,7.0,175,28,4,100,58,1045,0,150,220,100,150,150,175.0,100,1045.0,0.0,2025-12,False,False,False,False,False,False,False,False,0,,False,Normal,1045,47
R000359,2025-12-25,2025-12,Thursday,CDMX-VM-001,GenkiClean Vending 7x100L,CDMX,Efectivo,38,840,840,0,24,35.0,100,20,False,0,Operational,17.5,False,,False,,No issue,4,120,31,6,120,83,4,100,41,10,150,50,5,125,95,6.0,150,22,3,75,55,840,0,120,120,100,150,125,150.0,75,840.0,0.0,2025-12,False,False,False,False,False,False,False,False,0,,False,Normal,840,38
R000360,2025-12-26,2025-12,Friday,CDMX-VM-001,GenkiClean Vending 7x100L,CDMX,Efectivo,38,835,845,10,24,34.79,100,20,False,0,Operational,21.1,False,,False,,No issue,4,120,27,7,140,76,4,100,37,10,150,40,4,100,91,6.0,150,94,3,75,52,835,0,120,140,100,150,100,150.0,75,835.0,0.0,2025-12,False,False,False,False,False,False,False,False,0,,False,Normal,835,38
R000361,2025-12-27,2025-12,Saturday,CDMX-VM-001,GenkiClean Vending 7x100L,CDMX,Efectivo,52,1160,1180,20,38,30.53,100,20,False,0,Operational,15.7,True,,False,,No issue,4,120,23,10,200,66,6,150,31,11,165,29,7,175,84,9.0,225,85,5,125,47,1160,0,120,200,150,165,175,225.0,125,1160.0,0.0,2025-12,False,False,False,False,False,False,False,False,0,,False,Normal,1160,52
R000362,2025-12-28,2025-12,Sunday,CDMX-VM-001,GenkiClean Vending 7x100L,CDMX,Efectivo,55,1200,1250,50,27,44.44,100,20,False,0,Operational,26.4,True,,False,,No issue,5,150,95,12,240,54,5,125,26,14,210,15,6,150,78,9.0,225,76,4,100,43,1200,0,150,240,125,210,150,225.0,100,1200.0,0.0,2025-12,True,False,True,False,False,False,False,False,2,,False,Keep,1200,55
R000363,2025-12-29,2025-12,Monday,CDMX-VM-001,GenkiClean Vending 7x100L,CDMX,Efectivo,48,1080,1080,0,34,31.76,100,20,False,0,Operational,17.6,False,,False,,No issue,5,150,90,11,220,43,5,125,21,9,135,91,7,175,71,7.0,175,69,4,100,39,1080,0,150,220,125,135,175,175.0,100,1080.0,0.0,2025-12,False,False,False,False,False,False,False,False,0,,False,Normal,1080,48
R000364,2025-12-30,2025-12,Tuesday,CDMX-VM-001,GenkiClean Vending 7x100L,CDMX,Efectivo,47,1025,1025,0,25,41.0,100,20,False,0,Operational,15.5,False,,False,,No issue,3,90,87,7,140,36,6,150,94,13,195,78,6,150,65,8.0,200,61,4,100,35,1025,0,90,140,150,195,150,200.0,100,1025.0,0.0,2025-12,False,False,False,False,False,False,False,False,0,,False,Normal,1025,47
R000365,2025-12-31,2025-12,Wednesday,CDMX-VM-001,GenkiClean Vending 7x100L,CDMX,Efectivo,48,1045,1055,10,21,49.76,100,20,False,0,Operational,26.0,False,,False,,No issue,5,150,82,8,160,28,5,125,89,14,210,64,5,125,60,7.0,175,54,4,100,31,1045,0,150,160,125,210,125,175.0,100,1045.0,0.0,2025-12,False,False,False,False,False,False,False,False,0,,False,Normal,1045,48
R999007,2025-08-17,2025-08,Sunday,CDMX-VM-001,GenkiClean Vending 7x100L,CDMX,Efectivo,31,690,695,5,13,53.08,100,20,False,0,Operational,,True,Intentional data quality issue,True,Missing temperature value,Review,3,90,44,6,120,94,3,75,50,7,105,21,5,125,47,5.0,125,25,2,50,62,690,0,90,120,75,105,125,125.0,50,690.0,0.0,2025-08,False,False,False,False,False,False,False,False,0,,False,Normal,690,31
R999009,2025-10-04,2025-10,Saturday,CDMX-VM-001,GenkiClean Vending 7x100L,CDMX,Efectivo,31,690,695,5,13,53.08,100,20,True,1320,Stockout,11.9,True,Intentional data quality issue,True,Extreme stockout minutes but operationally possible,Cap,3,90,44,6,120,94,3,75,50,7,105,21,5,125,47,5.0,125,25,2,50,62,690,0,90,120,75,105,125,125.0,50,690.0,0.0,2025-10,False,False,False,False,False,False,True,False,1,,False,Normal,690,31
R999010,2025-11-07,2025-11,Friday,CDMX-VM-001,GenkiClean Vending 7x100L,CDMX,Efectivo,31,690,695,5,13,53.08,100,20,False,0,Operational,11.9,False,Intentional data quality issue,True,Closing inventory above 100L tank capacity,Drop,3,90,44,6,120,94,3,75,50,7,105,135,5,125,47,5.0,125,25,2,50,62,690,0,90,120,75,105,125,125.0,50,690.0,0.0,2025-11,False,False,False,False,False,False,False,False,0,,False,Normal,690,31
R999011,2025-12-18,2025-12,Thursday,,GenkiClean Vending 7x100L,CDMX,Efectivo,31,690,695,5,13,53.08,100,20,False,0,Operational,11.9,False,Intentional data quality issue,True,Missing machine identifier,Drop,3,90,44,6,120,94,3,75,50,7,105,21,5,125,47,5.0,125,25,2,50,62,690,0,90,120,75,105,125,125.0,50,690.0,0.0,2025-12,False,False,False,False,False,False,False,False,0,,False,Normal,690,31
